txn_id,account_id,symbol,txn_type,quantity,price_per_unit,fees,trade_date,settle_date
1,2120,JNJ,BUY,77.0104,141.08,1.29,2025-08-20,2025-08-22
2,2129,BAC,BUY,31.1083,40.0149,1.62,2025-10-21,2025-10-23
3,2240,XOM,BUY,84.7474,128.5917,2.5,2025-10-30,2025-11-01
4,2163,TSLA,BUY,50.7547,178.5006,1.68,2025-12-28,2025-12-30
5,2149,NVDA,BUY,84.4105,917.925,5.63,2023-03-28,2023-03-30
6,2212,PG,BUY,65.4619,148.3638,7.66,2025-12-07,2025-12-09
7,2107,V,BUY,64.5488,279.9121,3.02,2025-06-09,2025-06-11
8,2063,WMT,SELL,8.2243,68.9482,0.6,2025-10-17,2025-10-19
9,2113,GOOGL,BUY,31.9457,157.1862,7.18,2025-07-07,2025-07-09
10,2188,PG,BUY,51.983,157.4071,1.06,2026-01-20,2026-01-22
11,2062,META,BUY,10.5844,505.887,2.9,2026-03-15,2026-03-17
12,2099,PG,BUY,81.5343,153.5557,9.33,2024-12-12,2024-12-14
13,2185,AMZN,SELL,50.3772,170.1891,3.08,2025-09-05,2025-09-07
14,2006,MSFT,BUY,22.2993,420.3659,3.53,2022-07-10,2022-07-12
15,2013,SPY,SELL,29.2891,541.1989,0.08,2026-03-01,2026-03-03
16,2028,GOOGL,BUY,76.6218,158.7821,3.66,2024-02-28,2024-03-01
17,2103,AAPL,BUY,8.2796,180.7175,5.04,2024-03-29,2024-03-31
18,2196,TSLA,BUY,13.7377,188.6945,0.97,2024-11-30,2024-12-02
19,2096,WMT,BUY,75.7416,70.6477,1.99,2021-07-10,2021-07-12
20,2131,GOOGL,BUY,71.6456,152.996,8.03,2022-02-22,2022-02-24
21,2133,META,BUY,33.4686,542.0795,6.12,2025-07-15,2025-07-17
22,2042,GOOGL,BUY,59.7787,171.318,5.07,2020-07-05,2020-07-07
23,2131,TSLA,SELL,81.7591,176.7619,3.68,2022-12-06,2022-12-08
24,2173,MSFT,BUY,60.0941,425.6248,2.65,2025-06-09,2025-06-11
25,2168,WMT,BUY,72.4186,70.8789,5.83,2026-01-27,2026-01-29
26,2044,TSLA,SELL,15.6298,178.3526,6.8,2022-02-22,2022-02-24
27,2009,V,BUY,44.6628,262.5233,4.18,2022-09-22,2022-09-24
28,2106,XOM,SELL,87.409,120.0349,7.35,2024-11-10,2024-11-12
29,2016,XOM,BUY,99.8142,114.381,4.78,2023-12-26,2023-12-28
30,2097,AMZN,BUY,55.081,178.8383,6.75,2024-11-26,2024-11-28
31,2223,XOM,BUY,61.3976,125.8301,1.92,2021-09-29,2021-10-01
32,2064,SPY,BUY,77.3463,487.5492,7.04,2024-08-19,2024-08-21
33,2177,XOM,BUY,29.4911,119.6122,5.73,2026-02-16,2026-02-18
34,2140,GOOGL,BUY,95.5063,162.2157,8.04,2022-12-28,2022-12-30
35,2075,AAPL,BUY,92.477,196.5099,6.55,2025-09-13,2025-09-15
36,2192,META,BUY,93.3694,536.7609,6.95,2024-07-03,2024-07-05
37,2036,MSFT,BUY,6.0258,425.835,9.04,2019-10-10,2019-10-12
38,2058,JNJ,BUY,72.0184,140.4048,1.0,2025-07-11,2025-07-13
39,2198,NVDA,BUY,41.2838,907.2508,9.34,2023-07-25,2023-07-27
40,2225,META,BUY,32.7956,485.4756,6.45,2023-01-03,2023-01-05
41,2233,WMT,BUY,91.4097,70.8303,1.75,2025-02-21,2025-02-23
42,2226,PG,SELL,79.0081,170.7427,1.86,2024-10-10,2024-10-12
43,2192,PG,BUY,30.5408,169.6446,6.02,2025-08-14,2025-08-16
44,2238,AMZN,SELL,89.0367,194.0861,1.34,2020-04-10,2020-04-12
45,2130,META,BUY,17.0869,535.1992,4.58,2023-08-27,2023-08-29
46,2066,XOM,BUY,57.2103,124.5431,7.57,2025-02-08,2025-02-10
47,2045,V,SELL,52.0128,297.7875,0.87,2025-11-05,2025-11-07
48,2172,MSFT,BUY,93.6467,395.8491,0.07,2025-08-07,2025-08-09
49,2099,JPM,BUY,30.8926,178.103,7.22,2025-05-17,2025-05-19
50,2003,SPY,BUY,67.1108,525.7299,4.65,2025-10-31,2025-11-02
51,2041,GOOGL,BUY,69.3387,176.17,6.38,2025-05-22,2025-05-24
52,2076,AMZN,BUY,48.34,171.9109,4.55,2023-08-06,2023-08-08
53,2156,AMZN,SELL,75.9777,181.418,8.01,2023-04-25,2023-04-27
54,2212,JPM,BUY,53.0252,190.3381,5.28,2021-02-14,2021-02-16
55,2093,MSFT,BUY,57.6975,393.9404,1.5,2023-05-19,2023-05-21
56,2084,PG,BUY,71.9749,150.1757,4.88,2020-05-18,2020-05-20
57,2231,TSLA,BUY,51.8115,162.5578,4.56,2024-08-19,2024-08-21
58,2015,TSLA,BUY,40.1989,183.5936,8.16,2021-12-04,2021-12-06
59,2191,JPM,BUY,70.3381,171.5406,5.41,2024-11-02,2024-11-04
60,2016,BAC,SELL,4.1418,40.9557,4.08,2023-10-22,2023-10-24
61,2197,NVDA,SELL,38.0716,968.88,8.9,2025-06-16,2025-06-18
62,2115,PG,BUY,68.5903,156.8639,6.61,2022-11-29,2022-12-01
63,2139,NVDA,BUY,99.2918,878.0789,3.93,2022-09-17,2022-09-19
64,2033,XOM,BUY,97.8706,126.4286,4.63,2025-10-12,2025-10-14
65,2185,TSLA,BUY,25.5037,171.6197,3.46,2026-03-31,2026-04-02
66,2071,JPM,BUY,4.1895,191.6607,6.6,2018-08-16,2018-08-18
67,2158,WMT,BUY,21.4021,74.3573,1.01,2026-02-14,2026-02-16
68,2009,META,BUY,25.2287,526.5882,0.44,2020-10-11,2020-10-13
69,2113,JPM,BUY,14.8734,192.5298,9.92,2025-01-13,2025-01-15
70,2060,PG,BUY,24.4535,161.9484,8.75,2025-01-08,2025-01-10
71,2170,TSLA,BUY,56.1151,169.414,5.91,2020-04-26,2020-04-28
72,2189,BAC,SELL,5.6415,39.0868,3.44,2022-01-26,2022-01-28
73,2165,JNJ,SELL,41.4177,150.5871,3.0,2018-06-12,2018-06-14
74,2048,WMT,BUY,30.7729,67.0988,7.07,2024-01-04,2024-01-06
75,2207,META,SELL,56.1714,515.0907,1.34,2024-03-12,2024-03-14
76,2063,SPY,SELL,84.8662,521.9712,0.92,2026-01-13,2026-01-15
77,2186,PG,BUY,87.4884,154.0726,1.88,2025-12-10,2025-12-12
78,2195,V,SELL,21.68,282.6365,9.06,2024-03-22,2024-03-24
79,2078,BAC,BUY,74.941,40.6579,7.54,2024-05-31,2024-06-02
80,2235,JPM,SELL,91.5975,191.0316,5.52,2023-10-10,2023-10-12
81,2199,SPY,BUY,31.5338,512.7459,3.59,2021-03-08,2021-03-10
82,2226,META,SELL,76.4013,534.7098,3.2,2025-03-23,2025-03-25
83,2053,AMZN,BUY,74.384,166.9166,0.16,2020-12-03,2020-12-05
84,2142,BAC,BUY,16.0887,39.3377,3.3,2026-01-29,2026-01-31
85,2098,V,BUY,26.4753,279.9687,8.21,2025-03-21,2025-03-23
86,2186,JNJ,BUY,17.7573,149.0599,7.2,2025-12-21,2025-12-23
87,2126,NVDA,BUY,52.8705,906.0677,8.38,2019-10-04,2019-10-06
88,2020,PG,SELL,14.6117,166.7671,6.3,2025-07-15,2025-07-17
89,2018,XOM,SELL,37.9469,114.5994,6.17,2022-01-17,2022-01-19
90,2171,BAC,SELL,2.5574,37.8979,5.32,2024-12-21,2024-12-23
91,2106,AAPL,BUY,2.6971,196.7547,8.12,2021-10-02,2021-10-04
92,2173,GOOGL,BUY,91.8868,175.818,5.24,2026-03-17,2026-03-19
93,2062,JPM,BUY,27.4651,177.6716,3.96,2026-01-28,2026-01-30
94,2096,GOOGL,BUY,30.6975,158.2207,8.27,2022-01-20,2022-01-22
95,2021,JNJ,BUY,10.2566,153.5975,3.79,2026-02-03,2026-02-05
96,2142,META,BUY,9.1859,469.9711,8.44,2026-01-27,2026-01-29
97,2166,WMT,BUY,89.5843,75.3461,9.18,2026-04-14,2026-04-16
98,2059,JPM,SELL,27.8384,190.6917,9.23,2024-07-31,2024-08-02
99,2176,BAC,BUY,18.7561,38.2616,8.5,2025-05-24,2025-05-26
100,2005,JPM,SELL,92.9586,192.4667,2.99,2023-12-09,2023-12-11
101,2145,JPM,BUY,39.0008,195.3435,7.39,2025-08-17,2025-08-19
102,2203,XOM,BUY,6.3159,120.0152,4.37,2023-08-11,2023-08-13
103,2215,MSFT,SELL,96.9231,438.0772,3.26,2023-11-06,2023-11-08
104,2163,SPY,BUY,36.2253,505.9649,9.4,2026-04-10,2026-04-12
105,2111,NVDA,BUY,77.4446,923.1368,2.95,2025-10-24,2025-10-26
106,2064,XOM,SELL,71.456,115.5451,6.33,2020-04-23,2020-04-25
107,2190,GOOGL,BUY,94.3531,154.6129,4.44,2024-07-24,2024-07-26
108,2195,SPY,SELL,45.4355,476.3235,5.54,2025-06-15,2025-06-17
109,2105,MSFT,BUY,60.0955,410.183,7.84,2024-05-09,2024-05-11
110,2222,GOOGL,BUY,72.7595,162.7246,5.59,2025-11-30,2025-12-02
111,2063,V,BUY,14.7452,288.3022,3.01,2025-08-29,2025-08-31
112,2127,NVDA,SELL,30.6755,890.5934,7.82,2021-12-29,2021-12-31
113,2093,SPY,SELL,59.7868,528.0254,1.95,2024-01-01,2024-01-03
114,2028,NVDA,BUY,84.3197,964.6306,3.8,2022-05-22,2022-05-24
115,2221,AMZN,BUY,30.7431,178.0017,6.03,2025-10-21,2025-10-23
116,2178,JPM,SELL,96.9038,175.4581,2.91,2026-02-04,2026-02-06
117,2178,JNJ,BUY,33.2627,151.8211,2.8,2020-06-13,2020-06-15
118,2202,GOOGL,BUY,59.6305,176.4066,5.45,2023-11-07,2023-11-09
119,2175,WMT,SELL,94.3545,75.0737,2.09,2021-03-21,2021-03-23
120,2205,SPY,SELL,67.6248,474.8433,1.39,2025-04-17,2025-04-19
121,2078,JPM,SELL,79.1186,174.7626,0.74,2023-09-19,2023-09-21
122,2154,META,SELL,54.8209,512.8044,7.9,2021-06-27,2021-06-29
123,2093,XOM,BUY,11.8276,120.7086,2.48,2023-07-31,2023-08-02
124,2171,AMZN,SELL,96.7143,183.2451,3.31,2026-03-26,2026-03-28
125,2204,GOOGL,BUY,51.5569,154.4032,5.18,2025-01-26,2025-01-28
126,2149,XOM,SELL,46.8433,118.9589,6.79,2025-03-16,2025-03-18
127,2177,TSLA,SELL,11.3504,188.9357,4.16,2026-01-13,2026-01-15
128,2022,MSFT,BUY,31.8771,435.4661,4.55,2024-05-03,2024-05-05
129,2053,TSLA,SELL,72.4774,174.3326,4.52,2024-11-08,2024-11-10
130,2018,SPY,BUY,85.0688,527.1996,6.47,2022-01-14,2022-01-16
131,2174,WMT,BUY,52.0834,75.4197,5.51,2023-09-17,2023-09-19
132,2085,TSLA,SELL,63.3463,173.9375,1.86,2024-06-08,2024-06-10
133,2169,GOOGL,BUY,45.5079,171.2671,4.29,2024-04-14,2024-04-16
134,2002,XOM,BUY,58.1574,115.7442,7.99,2026-02-27,2026-03-01
135,2138,NVDA,BUY,26.973,856.3787,8.62,2024-06-26,2024-06-28
136,2136,JNJ,SELL,59.1135,147.3273,3.48,2019-07-17,2019-07-19
137,2217,META,BUY,91.9496,535.601,5.9,2026-02-18,2026-02-20
138,2173,NVDA,BUY,19.1214,862.3545,6.93,2023-04-13,2023-04-15
139,2131,GOOGL,SELL,42.8808,155.4397,4.86,2023-01-09,2023-01-11
140,2138,XOM,BUY,55.9363,128.2693,4.89,2019-07-25,2019-07-27
141,2036,NVDA,BUY,86.6867,892.9441,9.51,2022-03-07,2022-03-09
142,2125,NVDA,SELL,41.5043,883.288,4.91,2021-11-01,2021-11-03
143,2182,PG,BUY,79.7922,151.4817,2.2,2024-02-14,2024-02-16
144,2009,SPY,SELL,56.9994,492.7555,7.72,2023-07-26,2023-07-28
145,2127,TSLA,BUY,77.7362,177.036,8.22,2022-04-17,2022-04-19
146,2094,TSLA,SELL,55.089,162.1651,9.89,2026-02-15,2026-02-17
147,2027,XOM,BUY,87.6062,124.8258,0.32,2024-11-16,2024-11-18
148,2068,AMZN,BUY,77.7875,168.1051,2.37,2019-02-09,2019-02-11
149,2208,XOM,SELL,17.4322,117.1321,1.39,2024-03-11,2024-03-13
150,2053,PG,BUY,53.6958,148.7196,5.96,2024-07-25,2024-07-27
151,2044,AMZN,BUY,95.2873,174.0279,5.14,2021-12-07,2021-12-09
152,2231,JNJ,SELL,91.9581,141.2541,9.91,2024-06-11,2024-06-13
153,2222,JNJ,BUY,15.4781,158.7859,3.22,2026-03-04,2026-03-06
154,2064,WMT,BUY,58.1651,68.7982,2.68,2023-02-28,2023-03-02
155,2107,GOOGL,BUY,40.8822,168.5278,7.49,2025-06-11,2025-06-13
156,2178,BAC,SELL,33.4016,37.7245,0.02,2022-05-25,2022-05-27
157,2199,PG,SELL,63.8492,165.9119,6.97,2023-11-21,2023-11-23
158,2218,MSFT,SELL,82.6599,413.1265,4.94,2024-12-04,2024-12-06
159,2083,PG,BUY,57.0481,161.2111,4.85,2024-06-14,2024-06-16
160,2088,BAC,BUY,62.9918,35.2543,8.36,2024-01-12,2024-01-14
161,2005,MSFT,SELL,1.0669,397.0165,9.57,2025-12-15,2025-12-17
162,2052,XOM,BUY,16.7388,127.3372,9.32,2024-01-13,2024-01-15
163,2071,MSFT,BUY,66.7864,403.2262,6.48,2025-03-16,2025-03-18
164,2014,GOOGL,BUY,43.4939,170.9661,0.91,2025-09-05,2025-09-07
165,2025,AAPL,BUY,52.425,177.1693,4.45,2022-08-02,2022-08-04
166,2003,XOM,SELL,69.7091,112.7154,4.77,2025-06-17,2025-06-19
167,2059,GOOGL,BUY,32.0218,173.0773,8.8,2025-11-29,2025-12-01
168,2036,GOOGL,BUY,64.516,171.6834,6.76,2022-08-12,2022-08-14
169,2018,TSLA,BUY,44.5698,178.0889,7.22,2023-03-15,2023-03-17
170,2161,XOM,SELL,86.1363,118.3048,0.87,2025-11-29,2025-12-01
171,2026,NVDA,SELL,35.802,912.8986,4.29,2025-09-04,2025-09-06
172,2203,NVDA,BUY,55.7863,920.8254,5.99,2025-05-24,2025-05-26
173,2156,SPY,BUY,21.3391,525.5428,6.06,2025-07-21,2025-07-23
174,2049,XOM,BUY,49.9939,122.8065,1.13,2026-03-01,2026-03-03
175,2128,JNJ,BUY,98.7014,150.6789,9.33,2025-09-27,2025-09-29
176,2034,GOOGL,BUY,55.0893,166.8052,1.73,2024-05-07,2024-05-09
177,2121,WMT,BUY,26.9563,70.9785,0.4,2024-03-22,2024-03-24
178,2016,WMT,SELL,42.9339,67.6087,4.02,2022-01-12,2022-01-14
179,2164,TSLA,BUY,31.6808,165.2751,5.11,2026-04-08,2026-04-10
180,2053,WMT,BUY,31.7068,68.0596,4.37,2025-02-27,2025-03-01
181,2217,JPM,SELL,12.4827,172.7519,6.12,2026-02-02,2026-02-04
182,2015,SPY,BUY,12.8249,522.8971,7.07,2024-09-28,2024-09-30
183,2180,AAPL,BUY,17.5293,203.7717,1.27,2026-03-31,2026-04-02
184,2200,PG,BUY,34.1661,169.8922,4.29,2020-01-28,2020-01-30
185,2135,MSFT,BUY,50.1186,451.9234,5.1,2025-06-13,2025-06-15
186,2015,META,BUY,26.2565,482.8175,1.03,2023-05-26,2023-05-28
187,2147,JNJ,BUY,5.3598,143.4817,8.62,2021-07-26,2021-07-28
188,2063,AAPL,BUY,18.7171,186.4426,9.59,2025-03-08,2025-03-10
189,2010,TSLA,SELL,23.227,180.9926,2.48,2023-12-21,2023-12-23
190,2235,XOM,BUY,12.8207,126.2591,6.73,2023-10-21,2023-10-23
191,2014,NVDA,BUY,95.4539,902.2715,0.69,2026-04-03,2026-04-05
192,2120,PG,BUY,9.5522,168.8281,4.56,2025-04-10,2025-04-12
193,2095,JPM,BUY,46.9287,193.4214,5.91,2025-12-18,2025-12-20
194,2127,WMT,BUY,15.9061,72.6036,9.31,2020-10-26,2020-10-28
195,2007,JPM,BUY,95.148,189.0239,0.01,2024-05-25,2024-05-27
196,2169,GOOGL,BUY,21.3142,170.9985,9.82,2023-05-10,2023-05-12
197,2108,META,BUY,71.4536,548.5608,0.93,2024-10-09,2024-10-11
198,2236,JPM,BUY,46.3873,185.5849,7.47,2025-11-26,2025-11-28
199,2149,MSFT,SELL,8.4082,429.2209,5.67,2024-06-29,2024-07-01
200,2112,JNJ,BUY,85.2405,143.6825,9.25,2024-01-20,2024-01-22
201,2101,XOM,SELL,27.9236,116.664,0.75,2023-11-03,2023-11-05
202,2052,NVDA,BUY,11.4601,912.198,4.49,2020-12-07,2020-12-09
203,2081,GOOGL,BUY,45.7398,161.2588,4.63,2025-12-26,2025-12-28
204,2219,MSFT,BUY,82.8123,440.6705,6.96,2026-01-05,2026-01-07
205,2011,JPM,BUY,71.4046,179.9027,9.67,2020-03-03,2020-03-05
206,2102,TSLA,BUY,4.0771,169.3675,4.04,2025-11-17,2025-11-19
207,2116,TSLA,SELL,11.0888,167.9959,7.93,2025-07-15,2025-07-17
208,2032,AAPL,BUY,13.9408,198.5412,8.23,2026-01-01,2026-01-03
209,2096,JNJ,BUY,91.8254,153.4724,0.75,2025-02-20,2025-02-22
210,2017,JPM,BUY,10.1059,183.3256,8.46,2023-09-02,2023-09-04
211,2208,AMZN,BUY,17.6309,192.7377,5.73,2025-01-28,2025-01-30
212,2211,XOM,SELL,18.1079,110.9661,2.15,2025-09-20,2025-09-22
213,2048,SPY,BUY,61.7966,541.2874,6.16,2025-07-20,2025-07-22
214,2166,SPY,SELL,7.0369,541.2347,2.79,2025-12-24,2025-12-26
215,2036,GOOGL,BUY,63.4447,175.1548,8.01,2024-11-13,2024-11-15
216,2204,AAPL,BUY,48.4888,198.5702,7.81,2025-09-11,2025-09-13
217,2089,BAC,BUY,18.8018,36.9154,3.19,2021-01-18,2021-01-20
218,2057,AAPL,BUY,81.0567,198.4676,4.71,2023-05-23,2023-05-25
219,2092,WMT,BUY,10.9133,67.0069,6.56,2024-02-13,2024-02-15
220,2069,TSLA,BUY,76.6409,186.6833,9.47,2025-07-28,2025-07-30
221,2148,PG,BUY,18.4339,157.1436,5.92,2025-09-18,2025-09-20
222,2207,XOM,BUY,70.6418,127.9484,3.51,2022-12-14,2022-12-16
223,2146,V,SELL,54.6703,300.0869,1.75,2020-09-14,2020-09-16
224,2010,MSFT,BUY,53.1184,426.8317,0.01,2023-01-08,2023-01-10
225,2235,V,BUY,91.9593,263.4459,8.43,2023-12-15,2023-12-17
226,2083,AAPL,BUY,77.6623,192.6329,8.46,2024-03-14,2024-03-16
227,2221,AMZN,SELL,59.0156,176.3594,3.36,2025-05-21,2025-05-23
228,2083,NVDA,SELL,79.3924,933.4587,9.6,2024-02-05,2024-02-07
229,2167,AMZN,BUY,23.1005,193.4998,5.88,2023-09-30,2023-10-02
230,2045,GOOGL,BUY,18.5931,169.9764,0.02,2025-11-23,2025-11-25
231,2180,V,BUY,19.0261,302.1439,3.18,2026-04-15,2026-04-17
232,2208,V,SELL,14.9237,282.9367,7.45,2024-10-21,2024-10-23
233,2061,AMZN,BUY,82.3445,170.4352,6.69,2023-05-29,2023-05-31
234,2187,BAC,BUY,25.7045,35.0293,0.68,2024-03-16,2024-03-18
235,2066,WMT,SELL,44.3838,64.4143,4.19,2025-07-22,2025-07-24
236,2043,BAC,BUY,55.0564,40.3212,1.01,2025-01-04,2025-01-06
237,2123,WMT,BUY,17.103,71.6909,0.74,2025-02-28,2025-03-02
238,2217,AAPL,BUY,8.3458,184.489,1.7,2026-03-23,2026-03-25
239,2097,NVDA,BUY,34.4571,906.7747,9.84,2023-01-13,2023-01-15
240,2229,META,BUY,61.1244,504.396,4.34,2019-12-04,2019-12-06
241,2014,MSFT,SELL,70.0225,451.8796,7.21,2026-02-22,2026-02-24
242,2187,TSLA,BUY,10.4957,168.8826,3.93,2022-08-03,2022-08-05
243,2141,PG,BUY,43.333,148.5953,2.94,2023-03-04,2023-03-06
244,2170,JNJ,BUY,21.4883,142.7922,6.38,2024-03-26,2024-03-28
245,2021,META,SELL,47.6235,494.3616,8.94,2022-06-15,2022-06-17
246,2068,MSFT,BUY,88.6638,412.4418,3.69,2023-05-12,2023-05-14
247,2115,AAPL,BUY,83.8708,188.9378,5.64,2025-11-09,2025-11-11
248,2039,WMT,BUY,81.0098,65.4831,4.14,2026-02-04,2026-02-06
249,2194,V,SELL,82.0221,260.3321,4.18,2023-02-25,2023-02-27
250,2138,JNJ,BUY,48.15,149.3958,0.79,2026-04-11,2026-04-13
251,2232,PG,BUY,12.9079,160.0538,7.56,2025-10-24,2025-10-26
252,2045,NVDA,BUY,5.2249,944.4183,0.78,2025-09-30,2025-10-02
253,2175,GOOGL,BUY,83.5767,173.5157,2.58,2024-05-29,2024-05-31
254,2234,XOM,SELL,56.0801,111.6866,5.52,2025-02-05,2025-02-07
255,2220,SPY,BUY,78.8685,544.0404,6.22,2024-10-08,2024-10-10
256,2134,WMT,BUY,57.0928,69.0418,5.82,2023-09-18,2023-09-20
257,2026,BAC,BUY,86.8801,39.6996,8.79,2025-09-22,2025-09-24
258,2225,GOOGL,SELL,4.7091,169.0864,2.75,2023-07-23,2023-07-25
259,2037,V,BUY,40.1835,288.676,8.78,2023-02-24,2023-02-26
260,2177,JPM,BUY,89.8061,184.2665,0.2,2026-01-31,2026-02-02
261,2210,WMT,SELL,85.9652,67.5399,6.84,2023-09-17,2023-09-19
262,2223,JPM,SELL,77.6291,199.0369,3.21,2022-09-27,2022-09-29
263,2187,GOOGL,SELL,21.9277,154.1572,8.23,2025-12-19,2025-12-21
264,2190,META,BUY,52.0117,539.9626,1.59,2019-11-29,2019-12-01
265,2080,XOM,BUY,18.2,113.0045,8.74,2022-12-09,2022-12-11
266,2052,PG,BUY,91.8851,148.0466,7.04,2022-04-06,2022-04-08
267,2071,AMZN,BUY,68.4363,180.1476,2.42,2018-07-30,2018-08-01
268,2126,V,SELL,59.1011,300.6313,3.49,2019-05-21,2019-05-23
269,2042,PG,BUY,29.2219,166.3734,3.86,2025-08-28,2025-08-30
270,2042,PG,BUY,65.0906,171.9019,6.77,2020-06-27,2020-06-29
271,2069,JNJ,BUY,47.9356,138.4813,1.32,2026-04-04,2026-04-06
272,2045,V,BUY,71.5613,267.6249,7.09,2025-07-24,2025-07-26
273,2071,GOOGL,SELL,25.9479,174.2819,4.66,2020-12-02,2020-12-04
274,2174,TSLA,BUY,1.7274,172.1203,9.98,2025-02-12,2025-02-14
275,2216,PG,BUY,30.5491,163.772,1.08,2026-01-07,2026-01-09
276,2017,AMZN,BUY,26.8535,184.0491,7.1,2025-06-03,2025-06-05
277,2229,JNJ,BUY,90.069,141.5983,8.05,2025-09-21,2025-09-23
278,2206,WMT,BUY,72.407,71.7979,6.55,2024-10-04,2024-10-06
279,2076,SPY,BUY,58.7193,502.2153,9.94,2022-12-30,2023-01-01
280,2209,JPM,SELL,90.7461,191.3157,6.71,2024-07-09,2024-07-11
281,2130,SPY,BUY,30.0846,537.7961,4.7,2023-09-12,2023-09-14
282,2190,SPY,BUY,94.7454,514.817,8.99,2022-11-07,2022-11-09
283,2168,MSFT,BUY,42.6268,401.4076,8.86,2026-01-28,2026-01-30
284,2096,SPY,BUY,47.5831,507.0429,8.66,2021-03-24,2021-03-26
285,2150,V,BUY,50.5473,260.7905,8.67,2026-03-08,2026-03-10
286,2098,TSLA,BUY,14.5992,162.5137,2.0,2024-12-18,2024-12-20
287,2105,V,BUY,32.322,301.8019,7.15,2023-02-02,2023-02-04
288,2200,MSFT,BUY,32.028,428.8054,0.58,2021-02-24,2021-02-26
289,2116,SPY,BUY,49.4681,532.321,7.63,2025-05-07,2025-05-09
290,2023,NVDA,SELL,43.4735,919.2222,4.77,2024-03-19,2024-03-21
291,2002,AAPL,BUY,89.3086,197.012,7.56,2022-08-19,2022-08-21
292,2136,JPM,BUY,23.4003,170.3221,8.76,2019-08-31,2019-09-02
293,2080,NVDA,BUY,17.535,900.4805,8.23,2023-12-13,2023-12-15
294,2077,SPY,BUY,43.9329,511.6555,6.86,2024-11-20,2024-11-22
295,2035,AMZN,BUY,17.3235,179.7171,9.06,2025-07-17,2025-07-19
296,2208,GOOGL,BUY,21.9078,157.7221,0.22,2025-12-16,2025-12-18
297,2130,NVDA,BUY,38.1441,930.3999,6.4,2025-06-11,2025-06-13
298,2198,TSLA,BUY,66.535,177.6299,6.53,2025-06-03,2025-06-05
299,2006,AAPL,SELL,13.2359,187.47,2.52,2018-12-20,2018-12-22
300,2180,NVDA,BUY,30.8105,926.7466,6.61,2026-03-21,2026-03-23
301,2170,TSLA,BUY,42.4637,177.9578,8.98,2020-06-29,2020-07-01
302,2131,XOM,BUY,50.2762,115.828,6.08,2024-12-11,2024-12-13
303,2200,SPY,BUY,70.6402,548.6066,2.95,2021-09-30,2021-10-02
304,2011,TSLA,SELL,33.7298,166.8154,0.03,2024-12-07,2024-12-09
305,2172,MSFT,SELL,15.7653,442.5276,0.9,2026-01-10,2026-01-12
306,2131,MSFT,BUY,64.7893,393.2067,4.56,2021-08-06,2021-08-08
307,2076,SPY,BUY,87.5399,477.3444,8.51,2025-05-17,2025-05-19
308,2093,WMT,BUY,10.4048,69.1711,7.57,2024-04-07,2024-04-09
309,2012,AAPL,BUY,33.5374,194.966,8.94,2025-10-05,2025-10-07
310,2160,SPY,BUY,19.1041,476.7848,4.0,2022-10-12,2022-10-14
311,2117,SPY,SELL,80.19,525.496,6.48,2025-08-03,2025-08-05
312,2205,NVDA,BUY,98.1753,928.2485,8.44,2025-01-24,2025-01-26
313,2027,GOOGL,SELL,18.9448,164.5426,3.79,2025-06-30,2025-07-02
314,2092,V,BUY,48.8249,288.264,4.88,2025-12-20,2025-12-22
315,2228,GOOGL,BUY,2.2237,153.4721,8.67,2024-07-05,2024-07-07
316,2135,WMT,BUY,97.8117,72.5063,6.69,2025-11-11,2025-11-13
317,2087,TSLA,BUY,43.8519,180.6162,7.26,2019-12-20,2019-12-22
318,2124,AMZN,BUY,84.0643,184.0724,5.58,2025-05-22,2025-05-24
319,2157,AAPL,SELL,85.3352,203.2049,8.69,2022-02-22,2022-02-24
320,2020,WMT,BUY,5.9847,67.098,2.22,2023-02-12,2023-02-14
321,2165,GOOGL,SELL,44.9747,158.004,5.72,2020-12-07,2020-12-09
322,2023,PG,SELL,74.7787,155.2912,0.18,2024-11-02,2024-11-04
323,2104,GOOGL,BUY,79.3865,166.2962,9.62,2021-08-07,2021-08-09
324,2164,SPY,SELL,95.0852,515.0863,3.63,2025-12-23,2025-12-25
325,2014,PG,SELL,71.9491,158.8342,3.63,2026-04-19,2026-04-21
326,2116,MSFT,BUY,34.7944,430.6788,8.29,2026-03-27,2026-03-29
327,2205,SPY,BUY,5.532,499.7095,1.64,2025-02-02,2025-02-04
328,2036,PG,BUY,26.1746,165.6719,1.96,2022-11-19,2022-11-21
329,2031,BAC,BUY,71.962,36.2708,1.08,2024-03-25,2024-03-27
330,2107,AAPL,BUY,77.4424,200.259,4.5,2025-03-28,2025-03-30
331,2169,V,SELL,1.4294,263.6317,7.35,2025-08-25,2025-08-27
332,2142,BAC,BUY,69.49,38.5175,1.73,2026-01-16,2026-01-18
333,2209,NVDA,BUY,50.9069,922.6831,3.84,2023-07-17,2023-07-19
334,2156,BAC,SELL,96.3958,36.4693,9.7,2022-12-16,2022-12-18
335,2116,WMT,BUY,84.4644,69.0227,5.47,2025-09-26,2025-09-28
336,2081,XOM,BUY,20.888,121.0288,6.24,2026-02-12,2026-02-14
337,2075,JNJ,BUY,50.8855,154.137,6.94,2024-02-15,2024-02-17
338,2083,XOM,SELL,58.6978,117.163,9.42,2024-08-28,2024-08-30
339,2182,GOOGL,BUY,87.8702,175.3981,4.22,2023-07-06,2023-07-08
340,2004,TSLA,BUY,67.3552,171.6644,2.0,2023-12-22,2023-12-24
341,2193,WMT,BUY,15.4964,67.6101,0.62,2025-03-08,2025-03-10
342,2201,SPY,BUY,81.5886,513.3596,1.02,2024-11-24,2024-11-26
343,2223,JNJ,SELL,24.522,158.7562,7.84,2021-01-31,2021-02-02
344,2205,XOM,SELL,39.3679,123.1583,9.56,2023-05-06,2023-05-08
345,2176,AMZN,BUY,21.1056,167.1495,8.68,2024-10-31,2024-11-02
346,2221,PG,BUY,75.7557,152.974,5.46,2025-08-25,2025-08-27
347,2155,JPM,BUY,45.4327,198.743,9.82,2026-04-17,2026-04-19
348,2020,NVDA,BUY,38.3426,933.8514,4.28,2022-10-26,2022-10-28
349,2143,SPY,BUY,1.5589,516.8533,4.66,2026-03-08,2026-03-10
350,2240,NVDA,BUY,77.5924,961.7225,6.25,2021-01-05,2021-01-07
351,2216,JNJ,BUY,8.2152,156.9578,7.07,2023-06-27,2023-06-29
352,2135,JPM,BUY,42.1772,185.6099,5.36,2025-12-04,2025-12-06
353,2024,AMZN,BUY,33.7756,171.7446,2.93,2025-05-28,2025-05-30
354,2193,V,BUY,12.3575,302.2491,3.46,2022-02-18,2022-02-20
355,2062,BAC,BUY,95.9308,40.5451,6.82,2025-11-02,2025-11-04
356,2083,GOOGL,SELL,26.4025,176.7477,7.23,2024-07-26,2024-07-28
357,2007,BAC,SELL,49.1937,39.6446,2.96,2024-05-24,2024-05-26
358,2167,JPM,BUY,17.5721,172.6374,9.55,2021-06-02,2021-06-04
359,2138,TSLA,BUY,86.6301,162.8332,4.24,2023-09-12,2023-09-14
360,2027,JPM,SELL,65.0096,191.0012,9.39,2025-01-26,2025-01-28
361,2192,JNJ,BUY,4.7507,149.0214,0.73,2022-12-31,2023-01-02
362,2046,WMT,BUY,91.1877,65.189,4.07,2026-02-10,2026-02-12
363,2116,JNJ,SELL,67.6566,145.5937,5.34,2025-11-26,2025-11-28
364,2165,XOM,BUY,70.3873,124.9144,0.73,2024-09-22,2024-09-24
365,2238,TSLA,BUY,61.05,183.033,2.81,2023-05-22,2023-05-24
366,2238,META,BUY,47.9248,536.2852,5.33,2021-12-22,2021-12-24
367,2035,XOM,BUY,96.0533,125.7117,1.44,2026-03-10,2026-03-12
368,2174,BAC,BUY,95.7818,39.7937,0.11,2022-05-02,2022-05-04
369,2224,TSLA,SELL,54.1781,162.1696,9.46,2025-04-09,2025-04-11
370,2079,JPM,BUY,21.962,196.945,9.05,2020-09-04,2020-09-06
371,2218,TSLA,BUY,20.2383,166.1518,1.81,2025-06-25,2025-06-27
372,2205,V,SELL,64.8228,295.7422,0.73,2021-10-30,2021-11-01
373,2172,MSFT,SELL,95.2025,399.6665,3.57,2025-05-22,2025-05-24
374,2172,JNJ,BUY,90.1117,144.8433,3.17,2023-08-26,2023-08-28
375,2116,AMZN,BUY,56.9896,174.4035,3.64,2025-06-17,2025-06-19
376,2081,GOOGL,BUY,71.5077,160.0689,6.4,2025-12-15,2025-12-17
377,2071,PG,BUY,87.9107,164.5973,4.62,2024-12-25,2024-12-27
378,2092,WMT,BUY,64.9096,70.5787,0.82,2022-12-31,2023-01-02
379,2072,PG,BUY,27.0602,170.0172,8.85,2024-12-10,2024-12-12
380,2020,XOM,BUY,81.4516,110.7577,5.78,2024-11-12,2024-11-14
381,2197,V,BUY,54.8035,259.2422,9.98,2024-05-05,2024-05-07
382,2121,JNJ,BUY,89.2523,146.7796,5.89,2024-09-06,2024-09-08
383,2220,SPY,BUY,40.2817,510.0917,5.02,2024-10-15,2024-10-17
384,2170,JPM,BUY,75.9634,194.0736,1.4,2024-09-24,2024-09-26
385,2041,NVDA,BUY,73.8561,909.477,4.83,2025-04-24,2025-04-26
386,2092,AAPL,BUY,27.1714,189.6243,2.34,2024-03-13,2024-03-15
387,2172,JPM,SELL,47.4977,193.6272,4.54,2025-06-04,2025-06-06
388,2012,AAPL,BUY,83.6524,184.6518,2.63,2022-10-26,2022-10-28
389,2140,V,BUY,59.1802,286.8847,8.97,2023-03-16,2023-03-18
390,2020,TSLA,BUY,52.1208,188.2349,3.53,2026-03-30,2026-04-01
391,2223,AMZN,BUY,50.6819,179.4848,1.39,2024-04-25,2024-04-27
392,2043,JPM,BUY,15.8738,189.2469,1.57,2025-04-16,2025-04-18
393,2155,XOM,SELL,81.3061,123.0933,7.2,2025-01-24,2025-01-26
394,2124,JNJ,BUY,65.0787,143.0569,4.1,2026-02-13,2026-02-15
395,2063,AAPL,BUY,63.3245,192.8074,0.39,2025-09-18,2025-09-20
396,2147,NVDA,BUY,52.1474,865.1894,4.05,2021-02-07,2021-02-09
397,2145,JNJ,BUY,94.7781,155.2691,2.16,2024-05-28,2024-05-30
398,2156,META,SELL,60.483,483.1182,7.94,2021-03-15,2021-03-17
399,2211,WMT,BUY,17.6044,71.7881,6.85,2026-01-09,2026-01-11
400,2237,META,SELL,39.1607,474.8176,1.08,2023-11-10,2023-11-12
401,2052,TSLA,SELL,82.8249,175.1221,6.05,2023-04-13,2023-04-15
402,2046,META,BUY,10.2258,518.1448,6.59,2026-04-14,2026-04-16
403,2231,V,SELL,52.6824,257.6538,3.7,2024-06-30,2024-07-02
404,2012,XOM,SELL,79.166,114.8061,3.81,2023-09-05,2023-09-07
405,2151,WMT,BUY,43.1235,72.9292,2.54,2023-12-20,2023-12-22
406,2197,JPM,SELL,26.5227,172.681,0.05,2026-01-20,2026-01-22
407,2191,WMT,BUY,38.128,70.2525,2.05,2024-08-01,2024-08-03
408,2206,AMZN,SELL,65.506,168.6696,2.53,2023-06-29,2023-07-01
409,2219,TSLA,BUY,99.1881,171.238,3.97,2025-08-01,2025-08-03
410,2053,GOOGL,BUY,37.6511,166.5197,5.54,2025-07-25,2025-07-27
411,2065,SPY,SELL,73.8425,532.3743,8.54,2022-02-22,2022-02-24
412,2169,MSFT,BUY,10.9276,416.4112,5.08,2026-03-28,2026-03-30
413,2202,AMZN,BUY,16.9131,183.2839,9.64,2024-03-04,2024-03-06
414,2002,WMT,SELL,9.7259,66.0277,2.63,2024-12-08,2024-12-10
415,2095,MSFT,SELL,61.7826,435.086,5.2,2026-04-07,2026-04-09
416,2183,V,BUY,64.3888,292.2577,4.39,2025-07-08,2025-07-10
417,2052,PG,BUY,20.2799,167.7801,7.83,2024-01-10,2024-01-12
418,2131,TSLA,BUY,36.6143,178.2253,6.54,2019-11-09,2019-11-11
419,2041,MSFT,BUY,67.2965,438.794,4.05,2025-04-18,2025-04-20
420,2052,TSLA,BUY,55.4097,180.7014,7.25,2026-02-10,2026-02-12
421,2144,BAC,BUY,23.4033,37.0726,9.62,2025-02-23,2025-02-25
422,2117,BAC,BUY,41.3063,34.9883,1.06,2025-05-29,2025-05-31
423,2019,TSLA,BUY,87.7352,187.5164,8.12,2021-06-07,2021-06-09
424,2148,SPY,SELL,77.2268,548.0301,7.57,2026-01-09,2026-01-11
425,2199,META,BUY,48.715,542.3563,2.58,2022-06-08,2022-06-10
426,2098,JNJ,BUY,80.216,143.2892,4.12,2025-05-23,2025-05-25
427,2091,TSLA,BUY,25.5775,180.6229,0.93,2025-11-14,2025-11-16
428,2173,XOM,BUY,48.179,111.8598,3.53,2022-10-18,2022-10-20
429,2229,V,BUY,50.4009,300.0309,1.99,2024-01-20,2024-01-22
430,2189,JPM,BUY,83.6591,176.3206,8.35,2023-04-21,2023-04-23
431,2092,NVDA,BUY,67.9054,845.2625,6.63,2023-01-25,2023-01-27
432,2158,AAPL,BUY,84.953,191.2608,3.71,2026-04-10,2026-04-12
433,2081,META,BUY,49.5897,541.0886,9.83,2026-04-16,2026-04-18
434,2235,TSLA,BUY,6.3607,167.2186,7.98,2024-05-29,2024-05-31
435,2123,TSLA,BUY,46.2624,170.7241,1.2,2023-01-08,2023-01-10
436,2133,META,BUY,38.5634,469.887,1.01,2025-08-18,2025-08-20
437,2093,V,BUY,24.4768,265.9844,4.71,2024-02-05,2024-02-07
438,2157,AMZN,BUY,42.4902,179.9646,7.51,2026-04-19,2026-04-21
439,2094,PG,BUY,97.948,158.7387,6.85,2026-04-14,2026-04-16
440,2209,MSFT,SELL,85.7746,440.4347,1.96,2026-01-25,2026-01-27
441,2205,XOM,BUY,42.7305,125.8688,1.34,2026-01-19,2026-01-21
442,2229,PG,BUY,78.748,160.87,3.0,2020-10-15,2020-10-17
443,2144,PG,BUY,6.9436,157.3991,8.13,2024-07-28,2024-07-30
444,2122,PG,BUY,26.7171,158.7163,3.6,2025-05-10,2025-05-12
445,2143,BAC,SELL,13.0025,37.0524,8.67,2026-03-02,2026-03-04
446,2156,JPM,BUY,97.9579,189.436,2.84,2024-07-29,2024-07-31
447,2084,JNJ,SELL,89.0736,156.5939,3.81,2023-04-03,2023-04-05
448,2074,META,BUY,64.4175,481.0196,9.28,2025-02-03,2025-02-05
449,2108,JNJ,BUY,8.8321,147.7145,3.43,2025-10-04,2025-10-06
450,2081,AMZN,SELL,27.8536,186.0605,4.44,2026-03-04,2026-03-06
451,2221,AMZN,SELL,41.9849,180.6029,1.84,2025-06-08,2025-06-10
452,2006,NVDA,BUY,21.8466,923.3312,3.97,2022-11-02,2022-11-04
453,2025,MSFT,BUY,3.6101,418.1981,3.97,2021-10-03,2021-10-05
454,2196,MSFT,BUY,65.8284,427.9365,8.85,2025-04-03,2025-04-05
455,2080,JPM,BUY,13.9964,178.6116,8.38,2024-12-04,2024-12-06
456,2008,AAPL,BUY,86.5599,200.9552,4.67,2021-11-25,2021-11-27
457,2223,TSLA,BUY,96.9847,176.3593,6.97,2020-08-26,2020-08-28
458,2046,V,SELL,52.8225,285.8709,6.39,2026-03-14,2026-03-16
459,2080,BAC,BUY,44.7442,38.2412,3.65,2024-11-03,2024-11-05
460,2067,NVDA,BUY,35.0446,828.0133,4.69,2024-05-04,2024-05-06
461,2003,XOM,SELL,30.6614,128.5816,7.65,2025-01-31,2025-02-02
462,2205,SPY,BUY,19.6685,534.2162,8.81,2022-01-31,2022-02-02
463,2112,GOOGL,SELL,83.0143,170.6744,2.2,2024-06-09,2024-06-11
464,2021,GOOGL,BUY,29.183,165.4385,7.42,2025-06-18,2025-06-20
465,2208,SPY,BUY,14.5258,538.8441,1.1,2025-12-29,2025-12-31
466,2117,V,SELL,19.5912,288.9812,0.19,2024-07-13,2024-07-15
467,2013,TSLA,BUY,27.6503,188.2253,7.14,2026-03-01,2026-03-03
468,2187,AAPL,SELL,22.5016,179.3808,4.2,2024-05-27,2024-05-29
469,2202,WMT,BUY,33.6946,68.5596,8.43,2024-10-23,2024-10-25
470,2038,AAPL,SELL,18.9788,186.7296,8.95,2023-06-25,2023-06-27
471,2065,PG,BUY,39.095,147.523,9.74,2020-08-06,2020-08-08
472,2064,XOM,BUY,52.5928,114.2243,9.81,2019-08-31,2019-09-02
473,2122,GOOGL,BUY,16.7025,160.0397,7.28,2025-07-28,2025-07-30
474,2191,BAC,SELL,64.2135,35.7026,1.99,2025-07-19,2025-07-21
475,2228,AAPL,BUY,24.3606,181.4208,4.34,2022-04-23,2022-04-25
476,2004,NVDA,SELL,79.1252,912.1963,0.09,2025-01-23,2025-01-25
477,2011,V,BUY,37.7685,278.8921,0.89,2020-12-29,2020-12-31
478,2041,META,BUY,6.9177,519.6814,6.44,2025-01-31,2025-02-02
479,2180,TSLA,BUY,32.3572,164.5232,5.58,2026-02-22,2026-02-24
480,2166,WMT,BUY,3.1139,74.3881,3.77,2026-03-22,2026-03-24
481,2186,NVDA,SELL,56.3435,833.6864,5.42,2026-04-09,2026-04-11
482,2126,JPM,BUY,73.5078,186.2912,2.75,2020-09-23,2020-09-25
483,2213,V,BUY,53.5826,282.4425,4.49,2024-07-16,2024-07-18
484,2210,SPY,SELL,73.6321,506.2528,8.82,2025-07-30,2025-08-01
485,2159,PG,BUY,72.3794,163.0771,6.58,2025-04-20,2025-04-22
486,2138,PG,SELL,76.8077,160.6162,1.54,2024-04-28,2024-04-30
487,2073,AMZN,BUY,52.7969,174.8743,0.67,2026-03-24,2026-03-26
488,2214,NVDA,BUY,49.0517,832.5034,0.99,2025-10-10,2025-10-12
489,2147,JNJ,BUY,5.8595,153.7901,2.21,2020-03-28,2020-03-30
490,2184,MSFT,SELL,92.912,448.2936,8.31,2021-01-02,2021-01-04
491,2120,WMT,SELL,82.3806,68.4424,7.93,2026-04-13,2026-04-15
492,2015,PG,BUY,83.6112,160.7429,0.78,2024-06-01,2024-06-03
493,2056,TSLA,SELL,19.7566,181.3048,5.26,2024-10-25,2024-10-27
494,2064,V,SELL,74.8647,265.6146,7.66,2023-07-17,2023-07-19
495,2148,AMZN,SELL,88.3996,185.8335,1.67,2024-11-14,2024-11-16
496,2047,TSLA,BUY,53.8561,170.4504,5.99,2025-06-14,2025-06-16
497,2239,AMZN,BUY,84.6405,181.4423,4.12,2021-04-10,2021-04-12
498,2163,GOOGL,BUY,56.7513,160.3391,2.14,2025-09-02,2025-09-04
499,2197,TSLA,SELL,45.3025,168.1145,3.97,2025-09-05,2025-09-07
500,2186,AAPL,BUY,99.3478,192.9112,3.02,2025-09-05,2025-09-07
501,2077,JPM,BUY,91.9921,179.5212,5.11,2025-11-17,2025-11-19
502,2147,BAC,SELL,36.2099,35.5333,1.38,2022-08-04,2022-08-06
503,2094,BAC,BUY,10.0986,36.3766,3.99,2025-09-27,2025-09-29
504,2235,JPM,SELL,18.1173,191.618,8.25,2024-03-03,2024-03-05
505,2177,XOM,BUY,4.6998,127.827,8.08,2025-10-12,2025-10-14
506,2098,MSFT,BUY,35.4451,448.3498,8.16,2025-05-13,2025-05-15
507,2107,BAC,BUY,75.0202,40.2483,8.49,2024-09-25,2024-09-27
508,2238,AAPL,BUY,31.1736,194.0187,0.41,2020-04-26,2020-04-28
509,2139,V,BUY,16.1666,280.1076,6.73,2023-03-06,2023-03-08
510,2101,META,BUY,22.9865,516.1408,2.89,2026-02-10,2026-02-12
511,2101,NVDA,BUY,55.2671,839.8865,2.62,2025-11-07,2025-11-09
512,2103,TSLA,BUY,48.6113,180.5404,1.98,2026-03-02,2026-03-04
513,2102,JNJ,BUY,24.9892,151.468,2.66,2022-03-02,2022-03-04
514,2111,AMZN,BUY,67.503,182.1893,4.23,2023-10-18,2023-10-20
515,2090,JPM,BUY,77.1984,187.7788,1.69,2024-01-17,2024-01-19
516,2090,V,BUY,44.6059,293.5653,9.23,2024-01-19,2024-01-21
517,2060,JPM,BUY,12.1248,174.8173,0.54,2024-06-05,2024-06-07
518,2159,BAC,BUY,2.3596,40.0213,6.93,2026-03-05,2026-03-07
519,2029,SPY,BUY,74.2613,471.0562,2.12,2022-12-29,2022-12-31
520,2140,TSLA,BUY,69.812,176.3664,6.68,2023-02-26,2023-02-28
521,2097,V,BUY,17.8616,281.2006,2.84,2024-07-09,2024-07-11
522,2203,XOM,BUY,7.5932,111.4192,6.6,2025-11-05,2025-11-07
523,2170,PG,BUY,2.8888,156.4216,8.67,2025-08-15,2025-08-17
524,2167,GOOGL,BUY,90.4833,161.8505,4.84,2022-01-14,2022-01-16
525,2153,TSLA,SELL,56.5081,166.5685,7.12,2026-03-09,2026-03-11
526,2011,JPM,SELL,39.9466,179.2259,1.57,2023-11-12,2023-11-14
527,2089,JNJ,BUY,99.6034,153.0055,9.78,2025-04-27,2025-04-29
528,2071,WMT,SELL,89.1498,67.286,8.14,2024-02-07,2024-02-09
529,2008,TSLA,BUY,89.8204,167.3163,6.56,2021-06-17,2021-06-19
530,2023,XOM,BUY,42.316,128.8436,5.72,2026-01-02,2026-01-04
531,2110,SPY,BUY,21.469,496.0696,1.38,2025-01-14,2025-01-16
532,2139,JNJ,BUY,69.1647,158.7021,8.98,2023-11-07,2023-11-09
533,2233,NVDA,BUY,65.9669,958.8963,5.64,2024-11-04,2024-11-06
534,2041,AMZN,BUY,19.2294,180.9493,8.39,2025-12-05,2025-12-07
535,2038,XOM,SELL,96.1584,116.5188,3.03,2020-01-28,2020-01-30
536,2191,BAC,BUY,16.0437,38.832,1.88,2023-11-29,2023-12-01
537,2034,NVDA,BUY,60.9548,969.9776,6.12,2023-07-06,2023-07-08
538,2153,JPM,BUY,69.126,170.9721,4.76,2026-03-28,2026-03-30
539,2129,PG,BUY,19.2137,165.4277,3.87,2025-10-31,2025-11-02
540,2122,NVDA,SELL,76.6893,860.5833,0.15,2025-02-15,2025-02-17
541,2070,GOOGL,BUY,76.0199,169.5234,0.66,2024-08-21,2024-08-23
542,2238,META,BUY,86.8107,509.1793,8.87,2026-03-05,2026-03-07
543,2110,GOOGL,SELL,72.2999,167.8494,3.94,2023-06-22,2023-06-24
544,2191,V,BUY,52.5443,281.1303,4.51,2024-08-27,2024-08-29
545,2212,BAC,SELL,98.3992,41.0147,0.39,2024-08-20,2024-08-22
546,2100,TSLA,BUY,29.8268,187.9526,3.98,2026-03-10,2026-03-12
547,2078,WMT,SELL,30.1476,69.5671,9.18,2021-04-05,2021-04-07
548,2177,TSLA,SELL,9.9536,173.9802,5.0,2025-10-28,2025-10-30
549,2047,WMT,BUY,39.9136,74.4165,3.23,2026-03-04,2026-03-06
550,2007,NVDA,BUY,88.3723,957.1129,0.9,2025-10-07,2025-10-09
551,2083,XOM,BUY,72.1191,124.0602,1.23,2024-05-08,2024-05-10
552,2030,XOM,SELL,72.9605,117.3685,9.74,2024-02-15,2024-02-17
553,2157,NVDA,BUY,91.313,882.8074,5.65,2021-12-28,2021-12-30
554,2169,PG,BUY,77.1465,169.4418,0.51,2026-01-20,2026-01-22
555,2079,SPY,BUY,63.0188,547.6148,1.17,2024-03-26,2024-03-28
556,2034,JPM,BUY,46.4056,192.8557,8.55,2025-10-21,2025-10-23
557,2140,WMT,BUY,22.4705,74.2863,6.59,2021-11-23,2021-11-25
558,2117,GOOGL,BUY,25.2266,167.6721,5.47,2025-03-15,2025-03-17
559,2159,JNJ,BUY,19.2992,157.8061,0.55,2023-10-18,2023-10-20
560,2090,AAPL,BUY,33.78,175.7859,0.88,2024-11-20,2024-11-22
561,2028,GOOGL,BUY,61.4979,156.0593,6.91,2022-11-30,2022-12-02
562,2153,V,SELL,75.1841,265.5484,3.6,2026-02-02,2026-02-04
563,2010,MSFT,SELL,82.2062,408.0936,7.58,2025-07-30,2025-08-01
564,2216,TSLA,BUY,69.7673,174.1829,2.74,2024-01-23,2024-01-25
565,2135,GOOGL,BUY,11.8209,170.1699,7.29,2025-07-31,2025-08-02
566,2162,TSLA,BUY,43.2783,174.5426,8.47,2022-11-12,2022-11-14
567,2067,TSLA,BUY,61.8147,178.4508,4.96,2020-04-02,2020-04-04
568,2187,JNJ,BUY,71.1501,157.3915,9.78,2021-10-17,2021-10-19
569,2001,MSFT,BUY,74.0094,428.431,2.07,2026-01-28,2026-01-30
570,2158,GOOGL,BUY,2.1184,160.6121,2.01,2025-08-21,2025-08-23
571,2073,SPY,BUY,76.9362,494.3142,1.14,2026-04-16,2026-04-18
572,2086,AMZN,BUY,83.3722,181.9849,1.94,2019-04-11,2019-04-13
573,2214,AMZN,SELL,79.9282,179.3983,6.45,2025-11-11,2025-11-13
574,2124,NVDA,BUY,46.7845,956.4564,8.13,2025-08-17,2025-08-19
575,2238,XOM,BUY,55.9625,120.4046,0.19,2024-01-26,2024-01-28
576,2148,JNJ,BUY,7.5551,159.9885,1.49,2023-05-06,2023-05-08
577,2216,AAPL,BUY,57.5272,186.2073,3.89,2024-12-25,2024-12-27
578,2153,MSFT,BUY,71.2742,436.9035,2.71,2025-11-02,2025-11-04
579,2023,META,BUY,22.3978,499.5212,3.02,2024-11-17,2024-11-19
580,2029,AMZN,BUY,44.9336,188.0004,0.25,2024-02-22,2024-02-24
581,2124,BAC,SELL,73.5117,36.1165,5.23,2024-07-18,2024-07-20
582,2199,AMZN,BUY,21.3135,190.7078,0.37,2024-09-02,2024-09-04
583,2100,XOM,BUY,93.3014,112.6241,6.86,2025-06-26,2025-06-28
584,2153,PG,BUY,11.2072,159.152,7.65,2026-04-15,2026-04-17
585,2191,SPY,BUY,32.7672,531.0931,1.92,2025-04-04,2025-04-06
586,2071,TSLA,BUY,27.9928,173.3512,1.57,2019-09-15,2019-09-17
587,2030,AAPL,BUY,21.4512,191.8126,3.5,2025-02-15,2025-02-17
588,2082,SPY,BUY,57.8342,526.6753,1.71,2021-03-13,2021-03-15
589,2080,V,BUY,13.8773,281.8179,4.7,2023-05-31,2023-06-02
590,2173,AAPL,SELL,39.7998,176.4355,7.04,2023-12-05,2023-12-07
591,2229,V,SELL,62.0152,288.5176,3.12,2025-05-20,2025-05-22
592,2210,JPM,BUY,97.3945,190.0578,7.55,2025-09-29,2025-10-01
593,2120,V,SELL,10.629,294.0157,3.1,2025-04-02,2025-04-04
594,2165,XOM,BUY,15.2284,119.4345,8.95,2019-06-25,2019-06-27
595,2067,BAC,BUY,79.0891,36.0748,8.82,2024-11-13,2024-11-15
596,2117,META,BUY,48.3866,507.9873,8.45,2023-05-12,2023-05-14
597,2073,WMT,BUY,41.1629,70.8364,7.14,2026-03-29,2026-03-31
598,2028,AMZN,BUY,53.7418,167.6426,4.0,2025-03-09,2025-03-11
599,2106,JPM,SELL,38.9978,186.4193,3.4,2026-02-13,2026-02-15
600,2209,XOM,SELL,57.1539,125.4588,3.42,2023-05-07,2023-05-09
601,2178,JPM,SELL,12.318,190.0203,5.95,2020-01-11,2020-01-13
602,2084,TSLA,BUY,95.6325,173.4661,0.7,2025-08-27,2025-08-29
603,2028,JNJ,SELL,33.4134,156.5122,6.44,2026-02-19,2026-02-21
604,2016,MSFT,BUY,75.9507,395.7352,6.6,2021-10-04,2021-10-06
605,2116,TSLA,SELL,20.371,178.236,6.81,2025-10-12,2025-10-14
606,2082,SPY,BUY,91.9317,543.7175,9.36,2021-01-10,2021-01-12
607,2184,BAC,BUY,61.5376,35.5029,5.1,2023-07-27,2023-07-29
608,2217,NVDA,BUY,1.0835,836.9871,5.59,2026-03-03,2026-03-05
609,2092,MSFT,BUY,43.7398,444.5737,5.9,2025-05-29,2025-05-31
610,2161,AMZN,SELL,54.9668,177.2937,6.62,2025-08-14,2025-08-16
611,2122,NVDA,BUY,84.1563,883.3817,1.54,2025-07-06,2025-07-08
612,2224,JNJ,BUY,15.2556,138.2785,8.84,2023-09-28,2023-09-30
613,2169,GOOGL,BUY,64.582,155.3845,4.15,2025-04-06,2025-04-08
614,2117,BAC,SELL,62.7016,38.6349,4.54,2024-08-09,2024-08-11
615,2109,TSLA,BUY,19.3933,171.772,6.04,2022-03-03,2022-03-05
616,2148,META,BUY,41.6729,488.5188,5.46,2024-11-21,2024-11-23
617,2094,AAPL,BUY,12.2033,192.0717,4.81,2024-09-17,2024-09-19
618,2177,MSFT,BUY,47.0287,435.5429,0.78,2026-03-14,2026-03-16
619,2228,V,BUY,68.7233,278.7658,5.39,2022-10-08,2022-10-10
620,2149,SPY,BUY,47.418,542.9326,5.12,2024-12-25,2024-12-27
621,2121,V,BUY,29.6316,276.4615,0.35,2025-10-01,2025-10-03
622,2237,V,BUY,7.0804,290.1683,4.73,2023-08-24,2023-08-26
623,2044,V,BUY,29.3947,301.9683,0.82,2021-07-20,2021-07-22
624,2130,MSFT,BUY,61.964,405.0714,2.75,2023-08-01,2023-08-03
625,2066,AAPL,BUY,66.2564,193.1562,3.69,2024-03-24,2024-03-26
626,2045,SPY,BUY,80.1378,488.4736,8.61,2025-06-30,2025-07-02
627,2088,MSFT,BUY,83.9238,426.4206,7.52,2022-03-03,2022-03-05
628,2106,WMT,BUY,21.8748,71.7995,7.34,2024-05-10,2024-05-12
629,2089,AAPL,BUY,6.1998,197.7667,4.64,2024-02-02,2024-02-04
630,2122,SPY,BUY,38.6003,546.5773,7.05,2025-04-05,2025-04-07
631,2122,SPY,BUY,29.5904,540.2147,7.97,2024-11-17,2024-11-19
632,2098,JNJ,BUY,10.6391,150.7261,5.31,2024-09-17,2024-09-19
633,2091,PG,BUY,34.1618,170.7019,2.67,2026-04-16,2026-04-18
634,2026,SPY,BUY,73.697,501.1181,5.88,2025-03-30,2025-04-01
635,2050,TSLA,BUY,32.0137,180.3278,0.11,2020-06-04,2020-06-06
636,2003,PG,BUY,68.8645,157.728,3.51,2025-10-13,2025-10-15
637,2186,SPY,BUY,6.6313,471.9778,5.94,2026-01-31,2026-02-02
638,2229,PG,BUY,71.0994,162.5443,1.2,2023-04-04,2023-04-06
639,2220,V,BUY,89.7042,287.0065,6.95,2025-04-23,2025-04-25
640,2065,SPY,SELL,92.3468,545.5925,2.76,2026-01-26,2026-01-28
641,2110,XOM,BUY,26.4763,125.1817,7.8,2025-07-24,2025-07-26
642,2071,WMT,BUY,26.5656,68.7522,8.12,2021-04-11,2021-04-13
643,2046,META,BUY,61.4199,549.1208,1.78,2026-01-08,2026-01-10
644,2126,MSFT,BUY,61.7827,438.0571,1.06,2024-06-13,2024-06-15
645,2114,XOM,BUY,57.5631,111.0693,2.5,2025-09-08,2025-09-10
646,2115,AAPL,BUY,93.3565,179.3252,6.64,2025-08-13,2025-08-15
647,2069,NVDA,BUY,52.0229,958.2649,9.39,2025-10-22,2025-10-24
648,2126,META,BUY,54.4727,538.0744,0.03,2024-05-14,2024-05-16
649,2177,PG,BUY,34.0105,150.3028,3.03,2026-03-02,2026-03-04
650,2015,JNJ,BUY,53.928,153.5298,9.6,2021-09-13,2021-09-15
651,2021,PG,BUY,18.4852,166.8226,0.39,2021-12-07,2021-12-09
652,2099,JNJ,BUY,63.4311,154.7012,3.59,2024-03-14,2024-03-16
653,2022,BAC,BUY,4.5341,39.4308,0.25,2025-12-21,2025-12-23
654,2152,JPM,BUY,50.4687,172.0646,9.64,2024-11-04,2024-11-06
655,2208,META,BUY,6.5494,470.5397,7.87,2024-04-25,2024-04-27
656,2011,GOOGL,SELL,94.0689,173.1075,8.69,2021-05-23,2021-05-25
657,2138,NVDA,BUY,4.6509,861.5499,1.41,2020-04-30,2020-05-02
658,2168,AAPL,BUY,25.0256,202.7078,6.48,2026-01-19,2026-01-21
659,2004,NVDA,BUY,46.1623,958.2714,1.71,2022-12-31,2023-01-02
660,2152,MSFT,SELL,59.9028,393.5455,6.15,2026-04-03,2026-04-05
661,2017,WMT,SELL,33.0993,68.1782,9.75,2023-12-21,2023-12-23
662,2148,TSLA,BUY,76.6586,184.42,5.92,2023-01-28,2023-01-30
663,2086,MSFT,SELL,17.637,395.8911,3.7,2024-03-02,2024-03-04
664,2043,META,BUY,10.8968,516.69,8.47,2025-02-05,2025-02-07
665,2157,GOOGL,SELL,8.9915,152.2126,0.07,2025-01-02,2025-01-04
666,2238,MSFT,BUY,42.206,426.2987,8.07,2024-01-13,2024-01-15
667,2198,META,BUY,52.7856,486.0227,4.12,2023-07-08,2023-07-10
668,2045,V,SELL,61.5929,284.313,0.88,2026-02-26,2026-02-28
669,2212,WMT,BUY,19.9984,69.0904,9.86,2021-01-21,2021-01-23
670,2025,V,BUY,46.9574,291.6985,6.26,2022-12-07,2022-12-09
671,2054,SPY,BUY,68.8391,478.3946,9.68,2024-12-17,2024-12-19
672,2122,META,BUY,6.3487,523.8836,3.64,2026-03-09,2026-03-11
673,2054,GOOGL,SELL,5.2884,168.084,7.4,2024-12-06,2024-12-08
674,2237,TSLA,SELL,51.9755,182.9938,0.71,2024-08-12,2024-08-14
675,2061,XOM,SELL,20.6764,121.5314,6.76,2024-07-11,2024-07-13
676,2084,JPM,BUY,24.4747,179.8535,4.12,2023-02-09,2023-02-11
677,2052,GOOGL,SELL,6.3796,153.7412,4.35,2025-03-20,2025-03-22
678,2056,BAC,BUY,14.5041,36.0426,7.19,2025-11-11,2025-11-13
679,2162,AMZN,BUY,4.1774,171.4237,5.68,2022-05-27,2022-05-29
680,2072,NVDA,SELL,17.9489,895.0369,3.43,2024-10-31,2024-11-02
681,2227,SPY,BUY,58.234,533.627,5.52,2021-01-27,2021-01-29
682,2059,MSFT,BUY,59.5665,421.4629,8.36,2024-05-28,2024-05-30
683,2072,AAPL,BUY,25.5353,197.1798,4.34,2025-03-11,2025-03-13
684,2057,BAC,BUY,42.3594,40.7132,0.44,2024-10-03,2024-10-05
685,2121,XOM,SELL,48.4477,111.0455,7.97,2025-06-30,2025-07-02
686,2211,MSFT,BUY,69.6228,402.5624,4.06,2025-07-31,2025-08-02
687,2056,NVDA,BUY,2.5771,862.425,6.68,2024-11-08,2024-11-10
688,2042,XOM,BUY,97.6657,121.3513,4.63,2022-11-16,2022-11-18
689,2036,PG,BUY,63.0543,151.9346,7.03,2018-08-15,2018-08-17
690,2001,PG,BUY,53.5611,157.0529,2.96,2024-11-26,2024-11-28
691,2193,SPY,BUY,78.9815,519.1801,0.81,2025-05-22,2025-05-24
692,2226,AMZN,BUY,88.9098,167.1786,1.11,2022-11-28,2022-11-30
693,2094,META,BUY,65.1691,499.0306,7.04,2025-09-22,2025-09-24
694,2144,XOM,BUY,24.6246,113.0574,1.13,2025-06-27,2025-06-29
695,2123,XOM,BUY,75.5642,121.5383,7.6,2023-09-10,2023-09-12
696,2083,AMZN,SELL,28.4374,180.1027,0.63,2023-10-03,2023-10-05
697,2089,META,BUY,47.5462,512.1773,5.31,2022-05-26,2022-05-28
698,2212,TSLA,BUY,80.1905,173.6554,9.44,2023-02-11,2023-02-13
699,2208,BAC,SELL,9.6436,40.3828,3.9,2025-07-06,2025-07-08
700,2046,SPY,BUY,28.3183,475.4789,6.96,2026-01-16,2026-01-18
701,2128,NVDA,BUY,30.0238,902.979,9.69,2025-09-17,2025-09-19
702,2139,BAC,SELL,74.0332,37.0679,0.21,2023-02-09,2023-02-11
703,2049,MSFT,BUY,41.7575,440.2937,3.42,2026-02-22,2026-02-24
704,2166,WMT,SELL,46.3427,71.0456,5.67,2026-03-08,2026-03-10
705,2230,WMT,BUY,48.9401,73.2398,9.7,2025-09-19,2025-09-21
706,2198,PG,SELL,95.6652,156.2399,6.18,2022-05-20,2022-05-22
707,2042,XOM,BUY,84.0938,113.8998,6.92,2025-04-29,2025-05-01
708,2171,WMT,BUY,99.3835,67.0645,5.74,2026-02-18,2026-02-20
709,2113,SPY,BUY,66.8898,485.9407,9.77,2025-07-19,2025-07-21
710,2038,AMZN,BUY,13.0275,193.6934,0.25,2022-11-24,2022-11-26
711,2239,META,BUY,16.4493,546.5396,9.69,2021-04-28,2021-04-30
712,2140,TSLA,SELL,89.7018,180.7526,9.69,2019-03-16,2019-03-18
713,2194,V,SELL,34.5298,293.421,1.12,2020-05-23,2020-05-25
714,2123,BAC,BUY,31.5001,39.0823,4.01,2024-05-31,2024-06-02
715,2216,JPM,BUY,61.207,172.9374,1.95,2025-08-19,2025-08-21
716,2135,JPM,BUY,3.2323,192.906,5.38,2026-03-05,2026-03-07
717,2115,JNJ,SELL,20.2506,140.097,3.17,2022-09-18,2022-09-20
718,2155,TSLA,BUY,40.3582,186.4365,7.15,2025-12-06,2025-12-08
719,2110,AMZN,BUY,35.7841,165.9511,9.77,2026-02-01,2026-02-03
720,2224,TSLA,SELL,74.4112,181.3799,4.15,2023-03-20,2023-03-22
721,2114,SPY,SELL,73.1319,528.6049,4.14,2025-11-12,2025-11-14
722,2214,V,BUY,47.9867,264.035,8.67,2026-01-07,2026-01-09
723,2086,MSFT,SELL,9.7564,426.0936,4.09,2023-10-25,2023-10-27
724,2235,SPY,BUY,20.7265,514.5544,8.31,2025-02-20,2025-02-22
725,2075,TSLA,BUY,83.6239,184.0384,3.04,2023-05-29,2023-05-31
726,2144,XOM,BUY,16.2484,110.9153,3.0,2025-03-11,2025-03-13
727,2164,PG,BUY,42.2985,150.3789,4.91,2025-08-22,2025-08-24
728,2177,JNJ,BUY,49.812,140.8645,9.7,2026-03-25,2026-03-27
729,2154,XOM,SELL,86.9662,119.6253,6.27,2024-09-02,2024-09-04
730,2122,XOM,BUY,84.6827,117.5655,1.63,2024-11-05,2024-11-07
731,2015,NVDA,BUY,36.3812,954.4777,0.53,2022-02-12,2022-02-14
732,2093,GOOGL,BUY,29.6958,177.0161,5.29,2025-09-22,2025-09-24
733,2240,MSFT,BUY,76.7042,437.9049,5.98,2021-07-16,2021-07-18
734,2043,TSLA,BUY,27.8744,169.8539,6.97,2024-05-26,2024-05-28
735,2093,MSFT,BUY,2.2769,410.0295,5.18,2024-08-16,2024-08-18
736,2096,WMT,BUY,11.1394,68.2115,1.54,2020-07-18,2020-07-20
737,2057,PG,BUY,42.3173,170.1647,9.15,2023-04-22,2023-04-24
738,2030,PG,BUY,31.8458,147.6449,3.62,2024-03-06,2024-03-08
739,2210,META,BUY,18.0485,517.9681,3.04,2022-09-22,2022-09-24
740,2191,PG,BUY,69.1167,150.4951,3.07,2025-09-18,2025-09-20
741,2054,NVDA,BUY,8.6958,889.1719,7.74,2023-11-05,2023-11-07
742,2194,GOOGL,BUY,47.4392,154.6464,9.08,2025-04-21,2025-04-23
743,2012,MSFT,BUY,78.4547,387.0903,9.19,2024-01-23,2024-01-25
744,2053,V,BUY,3.8967,265.8782,1.45,2021-09-17,2021-09-19
745,2192,SPY,BUY,85.6587,497.5835,7.8,2022-09-02,2022-09-04
746,2157,JPM,BUY,53.355,172.2228,7.15,2025-07-19,2025-07-21
747,2073,NVDA,BUY,92.499,905.3462,9.2,2026-03-31,2026-04-02
748,2218,XOM,BUY,44.5269,123.8042,9.57,2025-10-14,2025-10-16
749,2047,PG,BUY,51.9108,156.9181,4.07,2025-07-12,2025-07-14
750,2195,AMZN,BUY,50.0858,168.7771,3.61,2024-09-23,2024-09-25
751,2074,TSLA,SELL,12.4565,163.3029,2.83,2023-03-18,2023-03-20
752,2154,XOM,SELL,23.3615,129.1426,4.07,2021-04-25,2021-04-27
753,2219,GOOGL,SELL,93.9691,153.6377,3.67,2025-04-29,2025-05-01
754,2004,JNJ,SELL,52.7436,140.5241,6.76,2020-02-26,2020-02-28
755,2031,NVDA,BUY,74.4018,928.0853,8.92,2024-03-27,2024-03-29
756,2044,MSFT,BUY,59.9011,399.7786,9.9,2023-06-03,2023-06-05
757,2032,JPM,BUY,76.7169,191.6659,7.65,2025-06-19,2025-06-21
758,2152,SPY,SELL,36.2536,534.5603,6.66,2026-02-03,2026-02-05
759,2104,META,SELL,11.6956,481.2257,2.5,2021-08-09,2021-08-11
760,2128,JPM,BUY,74.042,174.1844,8.29,2025-09-19,2025-09-21
761,2128,JNJ,BUY,16.1209,142.2983,6.21,2025-11-04,2025-11-06
762,2025,WMT,SELL,79.4804,72.818,2.02,2025-04-20,2025-04-22
763,2170,META,BUY,81.1387,490.5519,5.4,2022-02-20,2022-02-22
764,2005,WMT,BUY,38.9794,69.2206,3.14,2024-07-18,2024-07-20
765,2097,META,BUY,88.5853,471.8814,1.64,2024-12-26,2024-12-28
766,2111,NVDA,BUY,57.3167,884.0276,4.9,2019-06-06,2019-06-08
767,2142,JNJ,BUY,51.1618,149.2756,3.91,2026-04-18,2026-04-20
768,2127,V,BUY,76.8806,285.2389,2.84,2023-05-01,2023-05-03
769,2016,AAPL,BUY,35.5388,178.6972,7.41,2026-04-07,2026-04-09
770,2007,WMT,BUY,43.3867,68.2221,9.91,2024-06-06,2024-06-08
771,2106,AMZN,BUY,65.1602,172.6338,5.92,2021-11-11,2021-11-13
772,2234,XOM,BUY,17.8081,116.2543,5.38,2022-01-25,2022-01-27
773,2010,META,SELL,27.3953,503.6738,6.95,2025-05-18,2025-05-20
774,2151,AAPL,SELL,32.9197,186.2832,0.98,2020-03-07,2020-03-09
775,2126,MSFT,SELL,50.7741,400.237,7.64,2020-10-16,2020-10-18
776,2087,NVDA,SELL,20.9741,880.3201,6.35,2019-11-25,2019-11-27
777,2202,MSFT,BUY,27.2504,422.408,2.97,2025-08-23,2025-08-25
778,2147,GOOGL,BUY,72.053,168.2887,5.78,2025-05-28,2025-05-30
779,2152,AMZN,SELL,43.2835,181.9131,3.47,2024-11-07,2024-11-09
780,2020,JNJ,BUY,43.8581,150.1113,5.39,2025-06-27,2025-06-29
781,2052,GOOGL,SELL,67.4845,168.299,5.47,2021-03-28,2021-03-30
782,2226,AAPL,BUY,58.1075,190.4932,2.13,2025-04-17,2025-04-19
783,2211,XOM,SELL,93.529,115.5444,7.26,2026-01-25,2026-01-27
784,2016,TSLA,BUY,15.8968,173.9496,6.85,2021-11-05,2021-11-07
785,2077,PG,BUY,63.7588,155.3575,8.45,2025-08-22,2025-08-24
786,2069,PG,BUY,41.1807,151.311,1.13,2025-04-24,2025-04-26
787,2050,AAPL,SELL,49.0529,199.9478,9.9,2019-10-25,2019-10-27
788,2109,JNJ,BUY,14.5066,142.8478,2.58,2020-05-20,2020-05-22
789,2206,SPY,BUY,96.4149,483.5604,4.85,2024-01-20,2024-01-22
790,2006,AAPL,BUY,86.85,177.3515,9.0,2022-07-05,2022-07-07
791,2105,BAC,BUY,40.2926,38.9572,8.39,2025-04-26,2025-04-28
792,2216,NVDA,BUY,52.6738,910.2202,8.28,2024-09-04,2024-09-06
793,2199,BAC,BUY,24.5696,37.9784,1.22,2022-04-03,2022-04-05
794,2207,AMZN,SELL,80.7783,182.4286,7.43,2023-03-29,2023-03-31
795,2240,GOOGL,BUY,97.0224,154.6199,4.39,2019-12-03,2019-12-05
796,2066,PG,BUY,70.2622,159.7532,1.13,2026-03-02,2026-03-04
797,2140,GOOGL,BUY,88.0639,158.3036,9.36,2022-09-07,2022-09-09
798,2093,META,BUY,64.8944,536.2234,9.04,2023-01-27,2023-01-29
799,2009,PG,BUY,69.3776,167.6529,7.88,2022-10-12,2022-10-14
800,2062,SPY,BUY,90.4126,494.4363,6.85,2025-12-11,2025-12-13
801,2137,PG,BUY,91.0691,158.5255,3.93,2023-04-13,2023-04-15
802,2235,SPY,BUY,30.4449,545.6039,8.59,2026-02-24,2026-02-26
803,2042,BAC,SELL,79.1424,36.8885,2.74,2025-02-25,2025-02-27
804,2021,PG,SELL,92.7232,159.7873,3.32,2022-10-14,2022-10-16
805,2109,BAC,BUY,70.1497,35.5704,5.06,2020-03-02,2020-03-04
806,2091,GOOGL,BUY,45.8729,173.2745,0.27,2025-02-22,2025-02-24
807,2014,JNJ,BUY,1.3045,153.1238,2.0,2026-03-21,2026-03-23
808,2079,AMZN,BUY,52.1202,168.7919,9.69,2023-03-29,2023-03-31
809,2213,JNJ,SELL,79.4716,158.3271,3.19,2019-09-25,2019-09-27
810,2123,PG,BUY,80.1533,153.8734,1.98,2022-11-27,2022-11-29
811,2107,AMZN,BUY,3.0527,190.84,0.23,2026-02-12,2026-02-14
812,2143,JNJ,BUY,97.4386,143.489,1.98,2026-02-25,2026-02-27
813,2180,PG,SELL,60.4389,157.4665,1.49,2026-02-27,2026-03-01
814,2095,NVDA,SELL,77.5626,844.8985,9.27,2025-12-25,2025-12-27
815,2212,JNJ,BUY,19.8639,143.3876,8.61,2021-12-29,2021-12-31
816,2201,SPY,BUY,43.6996,509.5241,2.06,2025-07-03,2025-07-05
817,2056,PG,SELL,18.8566,164.536,7.92,2025-11-21,2025-11-23
818,2008,SPY,SELL,90.8255,488.4156,3.69,2023-05-05,2023-05-07
819,2176,JNJ,BUY,87.2729,138.2477,9.73,2025-03-28,2025-03-30
820,2102,JNJ,SELL,73.8743,147.2039,2.56,2023-05-09,2023-05-11
821,2025,TSLA,BUY,47.6223,170.3202,3.54,2021-03-12,2021-03-14
822,2156,JNJ,BUY,1.5307,152.3576,5.04,2022-01-16,2022-01-18
823,2098,SPY,BUY,96.8377,523.975,5.59,2024-11-14,2024-11-16
824,2149,NVDA,BUY,87.9118,900.5395,1.32,2025-06-11,2025-06-13
825,2082,XOM,BUY,32.0137,113.1225,9.78,2025-04-13,2025-04-15
826,2128,PG,BUY,92.6975,154.3936,2.83,2025-06-27,2025-06-29
827,2225,SPY,BUY,52.1803,531.3436,4.35,2025-12-17,2025-12-19
828,2043,AMZN,BUY,56.0118,179.7487,9.22,2025-08-01,2025-08-03
829,2163,WMT,BUY,23.7562,66.5159,0.36,2026-01-02,2026-01-04
830,2067,NVDA,SELL,5.0384,890.8459,3.56,2020-09-03,2020-09-05
831,2182,TSLA,BUY,13.2418,174.8037,0.93,2025-04-29,2025-05-01
832,2223,SPY,BUY,56.7615,482.9329,6.62,2024-05-04,2024-05-06
833,2055,V,BUY,42.2255,257.7848,0.77,2021-10-04,2021-10-06
834,2197,META,BUY,29.1438,541.6092,9.8,2024-05-11,2024-05-13
835,2032,GOOGL,BUY,83.8607,176.3295,1.54,2024-10-28,2024-10-30
836,2021,META,SELL,63.2073,523.0184,2.69,2024-05-16,2024-05-18
837,2169,AAPL,SELL,33.1666,176.1329,7.31,2024-09-08,2024-09-10
838,2188,BAC,BUY,86.4646,38.4205,8.01,2026-04-01,2026-04-03
839,2073,AMZN,SELL,10.1626,187.0214,2.55,2026-03-24,2026-03-26
840,2062,WMT,BUY,17.1311,65.3989,7.79,2026-03-21,2026-03-23
841,2073,JNJ,BUY,30.5561,153.6975,8.0,2026-03-27,2026-03-29
842,2189,WMT,BUY,36.5454,74.5218,0.96,2023-05-05,2023-05-07
843,2095,TSLA,SELL,48.1675,173.4724,5.62,2026-01-07,2026-01-09
844,2109,MSFT,BUY,43.9765,440.8988,4.26,2025-09-08,2025-09-10
845,2011,TSLA,BUY,65.1135,173.9787,7.13,2022-02-21,2022-02-23
846,2239,META,BUY,29.7796,522.0136,4.37,2025-07-31,2025-08-02
847,2233,WMT,BUY,68.7471,66.0644,3.0,2023-07-23,2023-07-25
848,2064,TSLA,BUY,91.8129,176.919,5.13,2022-08-26,2022-08-28
849,2131,GOOGL,BUY,36.1903,164.0669,5.85,2019-09-11,2019-09-13
850,2197,TSLA,SELL,18.7757,181.7345,1.82,2023-10-21,2023-10-23
851,2101,AAPL,BUY,32.0807,201.4534,7.23,2023-03-03,2023-03-05
852,2194,JNJ,BUY,96.7052,157.388,8.7,2025-03-21,2025-03-23
853,2048,JPM,BUY,87.29,192.3121,1.06,2024-03-14,2024-03-16
854,2137,AAPL,BUY,65.9243,178.347,4.6,2023-08-08,2023-08-10
855,2104,PG,SELL,30.9772,166.2527,8.12,2023-12-09,2023-12-11
856,2158,AMZN,SELL,80.6594,193.3385,0.88,2023-03-04,2023-03-06
857,2035,AAPL,BUY,86.0422,199.6054,2.09,2025-06-03,2025-06-05
858,2167,NVDA,BUY,9.5233,890.7535,7.69,2024-03-04,2024-03-06
859,2038,META,BUY,74.1393,478.703,4.45,2020-07-08,2020-07-10
860,2125,META,BUY,20.9325,505.8805,5.69,2023-05-26,2023-05-28
861,2214,GOOGL,SELL,97.9692,152.0079,8.48,2025-09-12,2025-09-14
862,2189,V,BUY,4.6647,282.4328,3.99,2023-01-20,2023-01-22
863,2132,V,SELL,23.9587,299.5006,0.61,2023-08-01,2023-08-03
864,2005,GOOGL,BUY,89.3948,166.406,4.17,2025-03-26,2025-03-28
865,2122,MSFT,BUY,45.3842,449.4984,4.36,2025-02-11,2025-02-13
866,2042,SPY,SELL,23.9782,507.49,2.19,2021-11-15,2021-11-17
867,2233,JNJ,SELL,13.9847,152.4504,2.93,2022-11-19,2022-11-21
868,2183,GOOGL,BUY,79.8013,173.7933,7.99,2025-07-07,2025-07-09
869,2217,NVDA,BUY,67.0386,868.6738,1.29,2026-01-22,2026-01-24
870,2052,NVDA,SELL,94.3624,842.5301,4.93,2021-10-31,2021-11-02
871,2061,JPM,BUY,88.2097,199.7781,3.57,2024-04-18,2024-04-20
872,2041,NVDA,BUY,80.8747,956.8019,3.37,2025-08-03,2025-08-05
873,2030,V,SELL,26.5244,282.7768,3.4,2026-04-01,2026-04-03
874,2091,WMT,BUY,89.7355,74.2304,8.53,2025-07-29,2025-07-31
875,2224,TSLA,BUY,92.7366,163.916,4.37,2024-02-25,2024-02-27
876,2118,PG,BUY,82.5374,172.1513,0.42,2025-08-10,2025-08-12
877,2027,NVDA,BUY,16.5462,953.4052,2.92,2021-11-21,2021-11-23
878,2114,WMT,BUY,16.2753,72.6046,3.63,2025-12-31,2026-01-02
879,2210,NVDA,SELL,77.1527,857.0722,0.07,2025-03-30,2025-04-01
880,2214,WMT,BUY,9.4382,67.6117,3.72,2026-02-11,2026-02-13
881,2194,GOOGL,BUY,75.5674,169.3559,5.29,2025-02-26,2025-02-28
882,2202,JPM,SELL,89.9085,182.8932,9.51,2022-06-20,2022-06-22
883,2133,WMT,SELL,15.4128,74.9699,0.1,2025-12-07,2025-12-09
884,2207,TSLA,BUY,40.7634,163.3738,7.72,2023-11-07,2023-11-09
885,2112,AAPL,BUY,90.3486,175.9276,0.58,2020-11-28,2020-11-30
886,2162,XOM,BUY,42.5112,127.2156,8.85,2023-06-25,2023-06-27
887,2180,TSLA,BUY,91.0139,181.2034,0.08,2026-02-21,2026-02-23
888,2072,BAC,SELL,45.1727,40.5563,2.05,2025-01-26,2025-01-28
889,2140,V,BUY,88.8798,286.8113,7.81,2023-01-01,2023-01-03
890,2104,WMT,BUY,54.2059,67.7772,3.9,2024-07-21,2024-07-23
891,2185,XOM,BUY,22.1597,120.393,5.11,2025-08-09,2025-08-11
892,2080,TSLA,BUY,3.7612,178.7992,7.96,2025-09-02,2025-09-04
893,2152,SPY,SELL,98.7085,532.3713,1.1,2024-11-02,2024-11-04
894,2016,PG,BUY,13.2575,163.2509,7.56,2024-09-06,2024-09-08
895,2032,META,SELL,34.559,529.3277,2.36,2022-05-29,2022-05-31
896,2191,V,BUY,35.6834,297.6664,2.84,2024-03-14,2024-03-16
897,2201,PG,SELL,52.447,164.4143,2.47,2023-12-23,2023-12-25
898,2084,TSLA,BUY,45.9766,184.0396,1.46,2023-08-20,2023-08-22
899,2109,PG,SELL,88.9624,149.5616,4.76,2024-06-26,2024-06-28
900,2115,MSFT,SELL,87.3295,421.7644,5.84,2025-01-11,2025-01-13
901,2163,GOOGL,SELL,73.44,169.9901,4.17,2026-02-18,2026-02-20
902,2042,NVDA,SELL,13.8091,897.8061,7.04,2024-04-25,2024-04-27
903,2221,TSLA,SELL,4.2281,166.954,1.57,2025-06-27,2025-06-29
904,2144,AMZN,SELL,11.9233,169.0205,3.69,2024-06-10,2024-06-12
905,2075,AAPL,BUY,99.111,178.3794,3.03,2025-03-01,2025-03-03
906,2125,AAPL,SELL,5.8165,179.1211,8.93,2022-09-08,2022-09-10
907,2228,SPY,SELL,1.2065,536.0406,5.47,2022-06-01,2022-06-03
908,2018,PG,BUY,57.0106,159.5181,8.99,2025-08-09,2025-08-11
909,2201,GOOGL,BUY,76.4332,170.8089,5.04,2024-05-30,2024-06-01
910,2118,WMT,BUY,9.8422,69.4296,6.24,2025-10-31,2025-11-02
911,2160,GOOGL,BUY,54.5585,175.5665,9.57,2025-01-06,2025-01-08
912,2228,META,BUY,71.0137,521.9068,5.71,2025-11-25,2025-11-27
913,2204,WMT,BUY,64.7475,70.6837,0.85,2026-02-11,2026-02-13
914,2159,TSLA,BUY,75.3053,162.4805,5.02,2025-07-10,2025-07-12
915,2005,MSFT,BUY,28.2213,422.141,2.06,2026-01-29,2026-01-31
916,2213,XOM,BUY,80.8852,121.5274,6.06,2026-03-26,2026-03-28
917,2103,V,BUY,34.6557,296.2165,1.8,2025-03-10,2025-03-12
918,2007,PG,BUY,12.3498,156.9795,0.99,2025-05-21,2025-05-23
919,2044,SPY,BUY,16.2685,490.0532,9.51,2023-06-13,2023-06-15
920,2174,NVDA,BUY,3.6899,966.4018,0.58,2025-07-06,2025-07-08
921,2100,MSFT,BUY,26.5355,414.1417,9.41,2025-11-10,2025-11-12
922,2231,MSFT,BUY,49.805,402.5027,7.52,2024-06-27,2024-06-29
923,2099,MSFT,SELL,7.4804,407.7922,0.29,2026-01-23,2026-01-25
924,2163,JPM,BUY,25.3853,170.7512,5.54,2026-04-12,2026-04-14
925,2202,NVDA,BUY,84.7815,886.5714,5.0,2021-12-23,2021-12-25
926,2201,NVDA,BUY,54.216,969.8845,4.23,2025-02-10,2025-02-12
927,2234,TSLA,SELL,96.1503,161.028,6.2,2026-02-25,2026-02-27
928,2168,NVDA,SELL,28.057,962.425,2.51,2026-01-24,2026-01-26
929,2175,GOOGL,BUY,58.9308,174.0404,5.1,2022-08-06,2022-08-08
930,2012,NVDA,BUY,9.8818,909.0837,6.98,2018-10-28,2018-10-30
931,2213,NVDA,SELL,21.8742,971.8303,5.04,2022-05-14,2022-05-16
932,2206,AMZN,BUY,97.9844,192.8278,7.07,2025-01-03,2025-01-05
933,2070,JPM,BUY,46.5201,179.7205,5.99,2024-12-14,2024-12-16
934,2005,BAC,BUY,61.2699,38.8904,0.04,2025-07-19,2025-07-21
935,2003,JNJ,SELL,76.4841,151.339,5.38,2025-05-24,2025-05-26
936,2202,BAC,BUY,89.3646,35.4313,8.15,2023-11-09,2023-11-11
937,2114,JNJ,SELL,82.9192,161.3289,3.58,2025-08-02,2025-08-04
938,2046,PG,BUY,13.3516,165.044,3.7,2026-01-23,2026-01-25
939,2050,META,BUY,68.3749,529.8406,7.08,2019-03-26,2019-03-28
940,2050,MSFT,BUY,24.1915,428.4159,4.93,2022-08-26,2022-08-28
941,2093,AAPL,BUY,1.7064,202.297,9.83,2025-09-26,2025-09-28
942,2164,GOOGL,SELL,17.8772,159.122,1.94,2025-09-01,2025-09-03
943,2190,V,BUY,7.4707,284.6132,1.28,2022-07-29,2022-07-31
944,2017,NVDA,BUY,88.2193,910.0661,7.28,2022-10-12,2022-10-14
945,2071,JPM,BUY,68.3874,170.8843,8.82,2025-04-20,2025-04-22
946,2001,GOOGL,BUY,85.5321,176.6972,3.23,2024-06-03,2024-06-05
947,2217,GOOGL,SELL,50.0619,169.7566,5.17,2026-01-17,2026-01-19
948,2012,BAC,SELL,53.7086,35.2455,3.16,2023-08-03,2023-08-05
949,2101,JPM,BUY,99.0362,196.2509,2.25,2021-02-27,2021-03-01
950,2177,GOOGL,BUY,17.2837,176.0087,3.1,2026-03-15,2026-03-17
951,2161,JNJ,BUY,59.6605,149.5192,6.26,2025-09-15,2025-09-17
952,2086,PG,BUY,95.9215,149.9607,8.32,2026-02-08,2026-02-10
953,2211,AMZN,BUY,77.7992,172.4182,6.19,2025-07-07,2025-07-09
954,2196,MSFT,BUY,97.478,425.3044,9.16,2024-12-27,2024-12-29
955,2097,AMZN,BUY,7.1382,185.5689,8.02,2025-03-11,2025-03-13
956,2015,SPY,BUY,68.0789,504.4381,5.59,2025-08-11,2025-08-13
957,2076,PG,SELL,24.0781,149.6533,5.99,2025-06-24,2025-06-26
958,2169,V,SELL,88.1139,274.7996,6.19,2025-05-16,2025-05-18
959,2087,JNJ,SELL,52.2041,156.7903,5.87,2025-10-31,2025-11-02
960,2028,MSFT,BUY,90.5326,434.3337,1.26,2024-09-29,2024-10-01
961,2131,SPY,SELL,19.4064,508.4822,1.38,2022-06-11,2022-06-13
962,2012,AAPL,BUY,31.8076,192.5695,8.84,2021-11-09,2021-11-11
963,2199,NVDA,BUY,29.8153,872.4491,9.69,2025-04-19,2025-04-21
964,2133,V,BUY,51.2037,264.0781,8.34,2025-09-28,2025-09-30
965,2220,AAPL,BUY,64.4149,180.7404,2.01,2024-07-20,2024-07-22
966,2018,AMZN,SELL,60.3765,179.3009,3.31,2023-01-14,2023-01-16
967,2149,V,SELL,33.5333,285.2014,1.05,2022-10-14,2022-10-16
968,2225,WMT,BUY,64.2379,69.9544,6.93,2024-02-05,2024-02-07
969,2120,V,BUY,80.9199,279.1374,3.76,2025-12-18,2025-12-20
970,2103,NVDA,BUY,8.2994,828.9685,0.3,2025-07-14,2025-07-16
971,2030,NVDA,BUY,5.3466,855.9941,0.3,2024-05-23,2024-05-25
972,2051,SPY,BUY,34.6419,541.4472,5.54,2026-03-28,2026-03-30
973,2046,JPM,BUY,3.0784,195.1493,6.77,2026-03-06,2026-03-08
974,2098,JNJ,BUY,31.2022,140.6633,2.4,2024-07-30,2024-08-01
975,2208,AMZN,SELL,87.9604,192.7055,0.65,2023-01-16,2023-01-18
976,2037,BAC,BUY,53.7229,39.793,6.94,2022-09-06,2022-09-08
977,2082,V,BUY,76.5452,286.0992,5.87,2022-12-06,2022-12-08
978,2219,TSLA,BUY,6.2726,165.1599,7.95,2025-11-16,2025-11-18
979,2224,NVDA,SELL,21.7145,967.4473,0.81,2026-03-05,2026-03-07
980,2121,WMT,SELL,75.3795,65.1266,6.44,2023-06-27,2023-06-29
981,2131,AMZN,BUY,71.5362,178.9709,5.25,2024-05-23,2024-05-25
982,2124,XOM,SELL,64.1725,119.4962,7.9,2025-05-23,2025-05-25
983,2167,AAPL,SELL,86.4537,202.0045,3.96,2025-04-02,2025-04-04
984,2079,GOOGL,BUY,26.1984,166.8842,0.85,2024-08-21,2024-08-23
985,2193,MSFT,BUY,58.8123,421.2648,4.65,2022-12-01,2022-12-03
986,2160,AMZN,SELL,37.3837,179.0655,4.97,2024-05-13,2024-05-15
987,2070,GOOGL,BUY,64.8901,163.4606,3.59,2024-08-02,2024-08-04
988,2022,SPY,BUY,78.8015,511.0437,9.26,2025-05-24,2025-05-26
989,2026,MSFT,BUY,34.042,388.9725,6.74,2025-05-07,2025-05-09
990,2065,SPY,BUY,19.8736,531.9082,6.03,2023-10-19,2023-10-21
991,2036,PG,BUY,1.8449,166.1394,2.99,2023-08-06,2023-08-08
992,2211,AMZN,SELL,82.3643,177.2298,7.57,2025-12-31,2026-01-02
993,2004,META,BUY,86.6811,549.9248,2.27,2023-11-13,2023-11-15
994,2186,XOM,SELL,72.5285,114.8875,4.61,2025-12-20,2025-12-22
995,2203,MSFT,SELL,21.7489,399.0233,4.5,2024-11-14,2024-11-16
996,2143,AAPL,BUY,31.2516,192.3563,7.37,2026-03-29,2026-03-31
997,2128,WMT,BUY,42.4956,68.3722,6.85,2026-03-19,2026-03-21
998,2104,WMT,BUY,59.1086,70.4212,5.67,2023-09-20,2023-09-22
999,2009,BAC,BUY,57.2509,40.9016,7.98,2018-09-10,2018-09-12
1000,2234,V,SELL,21.2163,275.1117,3.9,2022-07-12,2022-07-14
1001,2137,GOOGL,SELL,64.2613,154.6681,3.04,2025-11-28,2025-11-30
1002,2044,MSFT,SELL,3.657,398.3371,1.99,2023-10-26,2023-10-28
1003,2234,GOOGL,BUY,46.0117,157.9522,3.68,2021-09-06,2021-09-08
1004,2003,NVDA,SELL,16.5465,959.013,1.11,2025-04-25,2025-04-27
1005,2138,GOOGL,BUY,13.8633,153.6153,2.05,2026-02-17,2026-02-19
1006,2111,PG,BUY,59.1617,159.3544,5.02,2020-12-03,2020-12-05
1007,2176,META,BUY,45.1274,469.8074,8.24,2023-06-14,2023-06-16
1008,2155,WMT,SELL,46.5603,68.0836,5.76,2025-09-11,2025-09-13
1009,2189,MSFT,SELL,35.3314,445.6028,8.42,2024-06-05,2024-06-07
1010,2203,SPY,BUY,42.0902,536.3919,1.79,2023-12-08,2023-12-10
1011,2159,XOM,BUY,70.1537,117.7856,0.95,2025-09-15,2025-09-17
1012,2179,AAPL,BUY,88.373,201.2644,5.37,2021-09-14,2021-09-16
1013,2171,BAC,BUY,90.9649,39.3773,4.11,2025-07-03,2025-07-05
1014,2196,TSLA,BUY,50.9351,171.3245,7.79,2025-08-28,2025-08-30
1015,2105,META,BUY,46.7546,486.1216,0.73,2024-06-15,2024-06-17
1016,2178,JNJ,SELL,85.7215,147.1477,3.96,2023-09-02,2023-09-04
1017,2003,SPY,BUY,67.3593,544.0384,4.64,2025-03-22,2025-03-24
1018,2119,MSFT,SELL,14.8853,430.5519,8.2,2026-01-23,2026-01-25
1019,2216,NVDA,BUY,18.5464,830.6015,1.24,2021-07-01,2021-07-03
1020,2190,GOOGL,BUY,68.0609,169.5248,1.53,2023-01-03,2023-01-05
1021,2092,NVDA,BUY,44.7638,832.9601,0.48,2022-04-03,2022-04-05
1022,2163,WMT,BUY,39.6712,71.8204,3.08,2025-09-02,2025-09-04
1023,2014,V,BUY,92.9532,292.204,3.74,2026-02-20,2026-02-22
1024,2062,JPM,BUY,34.3745,182.6818,1.92,2025-09-17,2025-09-19
1025,2172,MSFT,BUY,72.6771,445.6896,0.44,2024-12-14,2024-12-16
1026,2132,MSFT,BUY,62.8427,408.0841,9.33,2022-08-23,2022-08-25
1027,2102,GOOGL,BUY,33.0134,157.4438,0.15,2022-05-08,2022-05-10
1028,2168,AMZN,BUY,7.5356,171.7277,8.14,2026-03-26,2026-03-28
1029,2167,V,BUY,41.6986,260.6164,7.67,2023-05-08,2023-05-10
1030,2128,MSFT,BUY,25.9421,439.5727,0.95,2026-03-22,2026-03-24
1031,2084,JNJ,BUY,33.8726,154.2696,6.35,2024-08-22,2024-08-24
1032,2227,XOM,SELL,7.6838,126.7498,0.18,2024-02-03,2024-02-05
1033,2234,V,BUY,50.8386,280.494,7.04,2021-12-11,2021-12-13
1034,2004,JPM,BUY,31.576,192.6647,7.37,2019-12-13,2019-12-15
1035,2194,JPM,BUY,50.3739,171.9737,2.02,2024-10-11,2024-10-13
1036,2097,JPM,SELL,74.1863,177.2467,3.28,2021-12-11,2021-12-13
1037,2072,AMZN,SELL,65.1566,187.5022,2.88,2024-08-09,2024-08-11
1038,2007,JPM,BUY,21.3759,180.0056,0.54,2025-03-10,2025-03-12
1039,2235,JNJ,BUY,61.1983,157.2348,3.81,2023-10-11,2023-10-13
1040,2083,NVDA,SELL,7.9285,828.8701,1.92,2026-04-04,2026-04-06
1041,2163,NVDA,BUY,59.6704,846.0808,8.3,2026-04-11,2026-04-13
1042,2239,JPM,SELL,31.8348,172.5137,7.21,2024-03-18,2024-03-20
1043,2063,GOOGL,BUY,58.0658,158.3728,9.67,2026-01-29,2026-01-31
1044,2052,SPY,BUY,40.4262,508.4635,1.68,2025-05-20,2025-05-22
1045,2113,GOOGL,BUY,82.1408,171.2021,7.93,2025-12-10,2025-12-12
1046,2006,WMT,BUY,59.9232,73.9653,1.53,2021-07-17,2021-07-19
1047,2187,NVDA,SELL,29.0393,894.7658,5.62,2021-03-19,2021-03-21
1048,2124,MSFT,BUY,16.3177,434.4388,1.89,2025-08-25,2025-08-27
1049,2004,PG,SELL,41.051,165.7688,4.15,2024-03-10,2024-03-12
1050,2102,XOM,BUY,41.47,119.7994,0.39,2021-11-14,2021-11-16
1051,2236,MSFT,BUY,76.5321,424.4089,9.56,2026-01-10,2026-01-12
1052,2198,BAC,SELL,63.863,37.0794,3.68,2025-07-13,2025-07-15
1053,2015,JNJ,BUY,24.9929,148.177,0.34,2021-08-25,2021-08-27
1054,2209,AMZN,BUY,26.8717,185.0811,4.55,2023-03-31,2023-04-02
1055,2175,NVDA,BUY,2.2214,914.7095,7.7,2025-05-14,2025-05-16
1056,2165,XOM,BUY,52.3352,118.0352,1.89,2018-09-30,2018-10-02
1057,2109,NVDA,BUY,50.564,864.4135,5.33,2022-05-02,2022-05-04
1058,2227,GOOGL,BUY,11.8181,171.1758,5.72,2022-11-27,2022-11-29
1059,2205,AMZN,BUY,93.0717,173.3478,3.98,2023-09-27,2023-09-29
1060,2079,AAPL,BUY,10.5902,199.6182,7.73,2025-12-15,2025-12-17
1061,2107,TSLA,SELL,17.8928,169.0735,3.74,2026-02-26,2026-02-28
1062,2181,NVDA,BUY,45.6154,854.2057,8.14,2021-05-10,2021-05-12
1063,2048,JPM,BUY,26.6758,175.6088,9.01,2025-05-16,2025-05-18
1064,2105,META,BUY,8.9012,520.1528,0.86,2023-09-01,2023-09-03
1065,2032,SPY,BUY,48.3118,471.6208,6.72,2023-03-29,2023-03-31
1066,2026,AAPL,BUY,66.8669,197.6547,7.88,2025-09-16,2025-09-18
1067,2011,MSFT,SELL,60.6955,439.6081,9.86,2022-10-15,2022-10-17
1068,2195,SPY,BUY,60.8328,507.8157,3.36,2023-12-13,2023-12-15
1069,2175,BAC,BUY,94.1581,36.8766,6.64,2025-04-03,2025-04-05
1070,2097,V,BUY,80.8208,273.5501,0.03,2022-10-11,2022-10-13
1071,2223,XOM,BUY,3.5424,126.4401,1.23,2021-11-06,2021-11-08
1072,2136,SPY,BUY,37.4746,530.5175,6.18,2022-12-03,2022-12-05
1073,2169,PG,BUY,1.3098,157.776,6.37,2026-03-01,2026-03-03
1074,2209,AMZN,BUY,96.9902,175.9739,7.35,2022-07-20,2022-07-22
1075,2174,META,BUY,35.4851,508.7381,9.38,2023-11-16,2023-11-18
1076,2239,META,BUY,73.6935,539.1394,2.94,2022-12-18,2022-12-20
1077,2050,XOM,BUY,13.6583,120.385,7.96,2025-01-08,2025-01-10
1078,2078,PG,SELL,17.6372,161.2479,4.46,2023-11-17,2023-11-19
1079,2030,META,BUY,17.8729,488.8576,9.43,2025-05-23,2025-05-25
1080,2180,MSFT,BUY,16.8633,453.1539,9.28,2026-02-18,2026-02-20
1081,2232,GOOGL,BUY,66.9273,157.6179,9.51,2024-01-06,2024-01-08
1082,2172,MSFT,SELL,9.9537,448.4079,6.91,2025-08-10,2025-08-12
1083,2224,JPM,BUY,64.7547,192.8836,3.77,2023-11-13,2023-11-15
1084,2184,XOM,SELL,81.0363,117.7277,2.23,2024-01-15,2024-01-17
1085,2030,SPY,BUY,74.7172,476.4738,1.16,2024-11-22,2024-11-24
1086,2095,NVDA,BUY,31.7691,965.3859,5.89,2026-03-10,2026-03-12
1087,2049,PG,BUY,79.9543,158.0467,9.33,2026-01-11,2026-01-13
1088,2033,TSLA,BUY,40.1359,177.5417,5.38,2026-02-05,2026-02-07
1089,2118,AMZN,BUY,50.4834,192.7552,4.55,2025-10-12,2025-10-14
1090,2154,SPY,BUY,60.2892,523.4926,3.09,2022-06-23,2022-06-25
1091,2177,MSFT,SELL,63.4766,443.3634,2.15,2026-01-10,2026-01-12
1092,2075,XOM,BUY,16.1175,111.5292,7.16,2026-04-12,2026-04-14
1093,2218,XOM,BUY,92.3926,114.7214,7.75,2024-03-26,2024-03-28
1094,2220,META,BUY,99.1153,493.6067,5.47,2024-01-24,2024-01-26
1095,2087,GOOGL,SELL,39.7152,177.9443,5.27,2019-08-30,2019-09-01
1096,2073,SPY,SELL,10.6346,485.1195,3.23,2026-03-22,2026-03-24
1097,2203,V,BUY,46.2957,260.0247,1.64,2024-04-19,2024-04-21
1098,2036,META,BUY,21.7669,492.9523,8.04,2022-06-25,2022-06-27
1099,2051,XOM,BUY,68.1535,117.3547,9.87,2026-01-15,2026-01-17
1100,2038,GOOGL,BUY,92.6725,163.0757,0.96,2022-02-06,2022-02-08
1101,2122,NVDA,BUY,59.7458,844.8979,9.69,2025-11-14,2025-11-16
1102,2161,XOM,BUY,40.2678,111.0527,3.02,2025-01-01,2025-01-03
1103,2153,NVDA,BUY,77.9954,882.0535,8.64,2025-10-23,2025-10-25
1104,2167,GOOGL,BUY,2.1486,169.0444,1.17,2023-06-20,2023-06-22
1105,2032,META,BUY,3.2796,543.3318,5.72,2022-05-22,2022-05-24
1106,2147,META,BUY,39.012,530.0213,9.99,2023-06-20,2023-06-22
1107,2180,GOOGL,BUY,7.2863,155.1062,9.08,2026-04-11,2026-04-13
1108,2204,TSLA,BUY,39.9859,183.7603,8.17,2024-01-03,2024-01-05
1109,2201,WMT,BUY,75.5973,65.116,2.07,2025-03-21,2025-03-23
1110,2169,BAC,BUY,1.5271,40.201,4.47,2023-08-18,2023-08-20
1111,2081,MSFT,BUY,9.6943,425.0454,2.57,2026-04-13,2026-04-15
1112,2193,AAPL,BUY,36.9924,178.5914,5.44,2022-01-05,2022-01-07
1113,2109,JNJ,BUY,66.2566,145.2144,4.44,2023-05-17,2023-05-19
1114,2148,META,BUY,61.011,511.8496,5.1,2024-02-04,2024-02-06
1115,2177,MSFT,BUY,19.6193,389.4062,2.99,2026-02-06,2026-02-08
1116,2214,JPM,BUY,59.5865,188.0235,2.77,2026-01-26,2026-01-28
1117,2187,V,BUY,38.7964,282.2332,9.03,2024-09-04,2024-09-06
1118,2103,META,SELL,94.0797,489.941,1.43,2024-02-17,2024-02-19
1119,2053,MSFT,BUY,71.7301,404.5037,5.63,2020-09-12,2020-09-14
1120,2166,PG,BUY,32.3197,151.3995,7.87,2023-12-02,2023-12-04
1121,2098,AAPL,BUY,13.3375,182.3239,1.1,2025-01-16,2025-01-18
1122,2141,GOOGL,BUY,91.0153,168.7007,7.77,2024-02-26,2024-02-28
1123,2038,PG,BUY,38.3384,154.2054,9.68,2020-04-25,2020-04-27
1124,2097,MSFT,BUY,59.2939,394.6994,8.06,2023-03-09,2023-03-11
1125,2025,TSLA,BUY,55.6027,177.0204,6.07,2026-04-06,2026-04-08
1126,2230,AAPL,SELL,18.8866,203.5739,8.05,2025-07-02,2025-07-04
1127,2174,WMT,SELL,48.2093,71.0597,1.27,2024-09-15,2024-09-17
1128,2003,JNJ,BUY,15.1243,141.7318,5.67,2025-10-17,2025-10-19
1129,2069,AAPL,BUY,71.0427,194.2315,2.49,2025-09-02,2025-09-04
1130,2156,GOOGL,BUY,80.0484,156.634,5.02,2021-07-25,2021-07-27
1131,2071,GOOGL,BUY,31.2136,170.7675,8.57,2024-07-30,2024-08-01
1132,2079,GOOGL,BUY,8.5926,174.1145,2.4,2021-06-26,2021-06-28
1133,2024,NVDA,BUY,55.8618,840.1803,4.92,2024-04-27,2024-04-29
1134,2224,AAPL,BUY,48.4859,187.6891,5.14,2024-04-20,2024-04-22
1135,2174,BAC,BUY,62.0124,35.7181,9.1,2026-04-12,2026-04-14
1136,2191,AAPL,BUY,25.1784,196.1588,7.38,2024-04-23,2024-04-25
1137,2236,PG,BUY,61.13,171.3905,9.64,2026-03-06,2026-03-08
1138,2173,BAC,BUY,18.3066,38.143,3.67,2023-05-14,2023-05-16
1139,2035,TSLA,SELL,38.5304,162.4254,3.73,2024-12-03,2024-12-05
1140,2029,AMZN,BUY,29.7164,172.7932,4.83,2026-03-06,2026-03-08
1141,2068,JPM,SELL,22.5289,188.8828,3.05,2020-06-04,2020-06-06
1142,2239,JNJ,SELL,89.3569,159.442,8.48,2023-03-02,2023-03-04
1143,2015,AMZN,BUY,36.0354,178.8582,0.05,2024-07-22,2024-07-24
1144,2228,XOM,BUY,43.6496,117.207,1.97,2021-12-09,2021-12-11
1145,2136,TSLA,SELL,1.6841,172.5001,7.69,2022-12-30,2023-01-01
1146,2065,JPM,BUY,43.4058,181.2796,1.82,2022-06-12,2022-06-14
1147,2208,SPY,SELL,17.0216,504.9875,3.53,2024-12-28,2024-12-30
1148,2112,AAPL,BUY,11.9559,201.2636,2.85,2020-12-17,2020-12-19
1149,2035,GOOGL,BUY,16.8709,160.544,1.99,2025-06-22,2025-06-24
1150,2123,JNJ,SELL,55.4622,140.851,7.99,2023-09-16,2023-09-18
1151,2183,NVDA,SELL,50.684,938.0726,9.23,2024-11-01,2024-11-03
1152,2216,PG,BUY,79.4786,150.0092,1.26,2021-09-16,2021-09-18
1153,2089,TSLA,BUY,68.1527,180.1643,3.42,2024-10-12,2024-10-14
1154,2153,XOM,BUY,49.107,119.6197,7.6,2026-03-09,2026-03-11
1155,2064,V,BUY,28.8327,280.5035,1.15,2019-04-25,2019-04-27
1156,2068,XOM,BUY,47.9154,126.1557,7.82,2022-08-10,2022-08-12
1157,2027,XOM,BUY,99.2626,122.1331,5.91,2024-06-13,2024-06-15
1158,2163,NVDA,BUY,28.1123,847.0506,1.92,2025-08-14,2025-08-16
1159,2038,GOOGL,BUY,38.6549,157.0706,5.24,2020-01-26,2020-01-28
1160,2180,JNJ,SELL,48.4403,143.3226,5.09,2026-02-28,2026-03-02
1161,2165,AAPL,BUY,94.3569,182.9851,7.11,2019-07-16,2019-07-18
1162,2064,AMZN,BUY,6.1609,170.8344,7.44,2021-07-12,2021-07-14
1163,2055,SPY,BUY,43.6598,543.3321,2.52,2023-03-28,2023-03-30
1164,2126,AMZN,BUY,68.6132,168.812,7.7,2018-05-02,2018-05-04
1165,2034,AMZN,BUY,24.587,188.929,2.76,2024-10-18,2024-10-20
1166,2150,GOOGL,BUY,5.0629,154.608,9.67,2026-01-21,2026-01-23
1167,2227,JNJ,SELL,92.6246,142.6303,0.75,2022-12-01,2022-12-03
1168,2140,V,BUY,53.8222,290.0957,1.54,2021-05-28,2021-05-30
1169,2033,JPM,BUY,89.5964,191.2635,4.48,2026-02-18,2026-02-20
1170,2184,MSFT,SELL,52.8525,390.95,9.51,2025-04-12,2025-04-14
1171,2203,AAPL,BUY,29.676,183.1341,9.55,2023-02-20,2023-02-22
1172,2016,WMT,SELL,50.0076,66.5301,5.32,2022-10-09,2022-10-11
1173,2132,MSFT,SELL,56.6874,436.8489,3.9,2023-03-13,2023-03-15
1174,2156,SPY,BUY,59.6192,469.4938,0.09,2024-04-26,2024-04-28
1175,2238,WMT,BUY,31.0376,70.0428,2.2,2024-08-06,2024-08-08
1176,2182,SPY,BUY,53.823,483.1625,2.92,2021-12-19,2021-12-21
1177,2164,NVDA,BUY,27.7731,867.9969,7.9,2025-11-03,2025-11-05
1178,2165,JPM,BUY,1.1386,176.4152,3.47,2026-03-26,2026-03-28
1179,2155,AMZN,BUY,72.4859,192.8571,4.08,2024-12-24,2024-12-26
1180,2157,SPY,BUY,82.5692,473.8727,2.19,2022-01-16,2022-01-18
1181,2072,NVDA,BUY,72.5376,830.2519,6.87,2024-05-06,2024-05-08
1182,2168,SPY,BUY,81.8679,520.9593,2.2,2026-04-19,2026-04-21
1183,2069,JPM,SELL,16.4085,194.1089,2.31,2025-05-02,2025-05-04
1184,2186,GOOGL,BUY,50.1002,175.6172,4.59,2025-11-05,2025-11-07
1185,2209,PG,BUY,65.1089,161.7832,0.21,2025-09-09,2025-09-11
1186,2042,BAC,BUY,7.876,37.3567,0.72,2022-06-09,2022-06-11
1187,2063,META,BUY,72.7064,548.3835,1.37,2026-02-07,2026-02-09
1188,2193,WMT,SELL,3.0509,65.517,8.26,2025-03-05,2025-03-07
1189,2196,PG,BUY,77.2416,148.3197,2.67,2025-03-21,2025-03-23
1190,2161,V,BUY,54.6946,300.893,8.17,2024-12-01,2024-12-03
1191,2219,XOM,SELL,81.731,113.0732,3.07,2025-11-06,2025-11-08
1192,2123,NVDA,BUY,63.1211,906.2678,1.23,2026-03-09,2026-03-11
1193,2212,AAPL,SELL,15.0417,183.8209,9.11,2023-11-24,2023-11-26
1194,2007,JPM,BUY,23.3626,174.5623,8.78,2024-08-25,2024-08-27
1195,2099,JNJ,BUY,49.6902,157.7468,9.9,2024-11-03,2024-11-05
1196,2058,MSFT,BUY,61.954,405.3379,1.18,2020-06-10,2020-06-12
1197,2237,BAC,BUY,18.6287,40.4052,5.3,2025-04-04,2025-04-06
1198,2154,NVDA,BUY,62.8511,849.6317,2.87,2022-03-18,2022-03-20
1199,2225,MSFT,BUY,93.3553,419.9497,8.1,2025-10-17,2025-10-19
1200,2183,WMT,BUY,78.0006,64.4244,1.46,2025-06-12,2025-06-14
1201,2038,GOOGL,SELL,81.6503,172.8369,1.13,2021-01-19,2021-01-21
1202,2110,XOM,BUY,19.0054,112.1366,3.85,2023-06-18,2023-06-20
1203,2082,META,SELL,60.5726,525.7831,6.36,2021-02-05,2021-02-07
1204,2036,WMT,SELL,42.4473,74.722,4.97,2026-04-09,2026-04-11
1205,2137,META,SELL,9.2782,536.2266,7.14,2023-02-22,2023-02-24
1206,2135,V,BUY,70.6062,293.9459,2.35,2025-07-29,2025-07-31
1207,2001,JPM,SELL,95.804,170.7078,9.2,2025-11-08,2025-11-10
1208,2016,BAC,BUY,30.175,40.1204,1.44,2024-09-03,2024-09-05
1209,2219,TSLA,BUY,21.863,186.5627,2.24,2025-10-17,2025-10-19
1210,2192,NVDA,BUY,38.3686,928.1924,0.26,2026-02-28,2026-03-02
1211,2109,AMZN,BUY,48.2058,168.6531,5.93,2024-11-27,2024-11-29
1212,2041,AAPL,BUY,8.6295,179.0948,5.69,2026-04-04,2026-04-06
1213,2209,GOOGL,BUY,75.0626,156.616,6.98,2022-03-19,2022-03-21
1214,2077,META,BUY,29.3901,496.7267,1.56,2024-06-30,2024-07-02
1215,2226,JNJ,BUY,2.0759,156.0272,8.32,2023-06-13,2023-06-15
1216,2175,BAC,BUY,91.9959,39.2854,5.01,2024-11-10,2024-11-12
1217,2182,JPM,BUY,52.6286,174.8413,9.77,2023-05-15,2023-05-17
1218,2033,XOM,BUY,39.8368,122.2856,8.22,2025-10-26,2025-10-28
1219,2144,V,SELL,48.2642,294.1818,6.52,2025-05-23,2025-05-25
1220,2104,PG,BUY,65.0181,148.5996,1.95,2023-08-27,2023-08-29
1221,2028,MSFT,BUY,3.7768,426.9344,2.82,2026-01-19,2026-01-21
1222,2139,MSFT,BUY,19.5866,426.5258,2.02,2025-08-12,2025-08-14
1223,2238,AAPL,BUY,56.8102,177.3852,7.89,2022-09-19,2022-09-21
1224,2012,AAPL,BUY,98.0736,203.4827,7.51,2024-04-20,2024-04-22
1225,2102,TSLA,BUY,97.4112,182.0516,7.02,2022-03-22,2022-03-24
1226,2025,AMZN,BUY,50.7155,186.9538,7.74,2018-12-12,2018-12-14
1227,2007,V,BUY,29.7218,278.9675,1.51,2025-09-04,2025-09-06
1228,2119,MSFT,BUY,88.5558,392.6691,8.07,2025-11-03,2025-11-05
1229,2168,NVDA,BUY,45.3005,851.1908,1.31,2026-01-15,2026-01-17
1230,2075,AMZN,BUY,89.1773,192.6761,7.73,2026-01-10,2026-01-12
1231,2100,JPM,BUY,95.8435,188.2675,5.66,2025-02-28,2025-03-02
1232,2128,MSFT,BUY,55.1665,395.9842,9.68,2025-08-19,2025-08-21
1233,2201,BAC,BUY,17.802,35.5322,2.95,2025-05-09,2025-05-11
1234,2018,SPY,BUY,18.7394,498.0349,7.71,2020-09-15,2020-09-17
1235,2067,META,SELL,65.3789,531.4727,1.4,2024-01-08,2024-01-10
1236,2032,V,BUY,40.693,273.8836,8.56,2025-11-26,2025-11-28
1237,2235,JNJ,BUY,37.9946,146.8016,6.82,2025-10-31,2025-11-02
1238,2130,META,BUY,62.4408,540.6438,6.43,2023-09-15,2023-09-17
1239,2190,WMT,BUY,16.3017,73.5978,1.05,2023-10-25,2023-10-27
1240,2097,NVDA,BUY,39.4341,950.9514,4.62,2025-05-12,2025-05-14
1241,2024,AMZN,SELL,11.8028,184.1036,1.8,2024-04-28,2024-04-30
1242,2028,BAC,SELL,20.7476,37.3734,3.28,2025-07-18,2025-07-20
1243,2082,AMZN,SELL,12.3183,179.6053,4.54,2021-07-28,2021-07-30
1244,2140,NVDA,BUY,32.6985,848.954,0.31,2022-12-22,2022-12-24
1245,2154,WMT,BUY,79.1664,74.8883,9.78,2023-03-28,2023-03-30
1246,2055,AAPL,SELL,27.715,175.4975,6.35,2021-08-02,2021-08-04
1247,2022,NVDA,BUY,87.5038,886.3299,4.51,2024-06-12,2024-06-14
1248,2108,TSLA,BUY,83.2244,186.0061,0.92,2023-06-24,2023-06-26
1249,2231,GOOGL,BUY,20.6619,171.6838,9.41,2025-12-25,2025-12-27
1250,2124,META,SELL,36.1145,533.1628,6.92,2025-10-18,2025-10-20
1251,2100,PG,BUY,8.7031,167.2467,6.67,2024-07-07,2024-07-09
1252,2158,NVDA,BUY,2.4045,970.037,8.96,2020-09-16,2020-09-18
1253,2240,NVDA,SELL,27.0175,873.5627,7.22,2024-01-09,2024-01-11
1254,2116,PG,BUY,4.6121,163.4379,7.45,2025-04-18,2025-04-20
1255,2049,GOOGL,SELL,22.3976,172.2437,2.1,2026-01-21,2026-01-23
1256,2049,JNJ,BUY,2.6029,138.3449,8.96,2026-04-15,2026-04-17
1257,2129,PG,SELL,41.9913,165.1025,3.51,2023-04-17,2023-04-19
1258,2213,TSLA,BUY,12.2246,188.274,1.76,2019-09-12,2019-09-14
1259,2110,AMZN,SELL,38.7748,182.7329,8.44,2023-11-13,2023-11-15
1260,2177,JNJ,BUY,99.541,144.798,8.05,2025-07-04,2025-07-06
1261,2027,MSFT,SELL,11.2639,427.8127,7.49,2022-06-06,2022-06-08
1262,2160,BAC,BUY,67.1033,38.8118,8.51,2025-04-30,2025-05-02
1263,2055,JPM,BUY,20.3605,186.527,4.69,2022-02-11,2022-02-13
1264,2032,AMZN,SELL,90.8914,191.924,6.44,2023-09-08,2023-09-10
1265,2201,XOM,BUY,51.2485,128.4406,2.67,2024-01-18,2024-01-20
1266,2169,SPY,SELL,67.6568,542.8581,0.04,2023-12-31,2024-01-02
1267,2233,GOOGL,BUY,84.2362,152.4929,5.18,2024-08-08,2024-08-10
1268,2190,V,SELL,24.9413,265.2344,9.73,2020-10-05,2020-10-07
1269,2050,V,SELL,13.7582,294.719,6.36,2024-08-01,2024-08-03
1270,2187,NVDA,BUY,44.3028,873.81,0.99,2023-04-08,2023-04-10
1271,2206,NVDA,SELL,84.46,918.9275,6.27,2024-05-02,2024-05-04
1272,2067,PG,BUY,10.2322,171.4867,0.26,2021-01-28,2021-01-30
1273,2003,JNJ,BUY,57.6076,141.6732,0.25,2026-02-12,2026-02-14
1274,2188,NVDA,BUY,19.469,919.3627,6.52,2025-05-25,2025-05-27
1275,2057,SPY,SELL,77.2688,537.7813,6.59,2018-10-06,2018-10-08
1276,2071,MSFT,BUY,11.9822,428.5638,9.26,2025-09-20,2025-09-22
1277,2032,MSFT,BUY,10.1849,404.006,4.94,2025-01-30,2025-02-01
1278,2093,BAC,SELL,79.7487,37.3361,4.13,2024-11-02,2024-11-04
1279,2125,JNJ,SELL,89.0816,154.4961,6.33,2021-08-14,2021-08-16
1280,2116,WMT,BUY,66.307,67.7461,6.31,2025-08-15,2025-08-17
1281,2219,AAPL,BUY,48.9072,185.2214,6.13,2026-02-02,2026-02-04
1282,2140,AAPL,BUY,20.0917,197.3476,0.3,2021-12-30,2022-01-01
1283,2006,TSLA,BUY,12.3641,165.2657,2.17,2019-03-23,2019-03-25
1284,2084,NVDA,BUY,27.4915,932.7951,4.81,2020-11-08,2020-11-10
1285,2024,AMZN,SELL,74.7743,184.3754,4.95,2024-10-04,2024-10-06
1286,2132,GOOGL,BUY,69.0187,158.4025,8.86,2023-07-12,2023-07-14
1287,2072,GOOGL,BUY,17.3997,172.7392,2.06,2024-09-22,2024-09-24
1288,2185,META,BUY,81.7733,505.6065,6.22,2024-11-16,2024-11-18
1289,2156,GOOGL,BUY,89.8916,166.7725,8.19,2024-05-01,2024-05-03
1290,2116,NVDA,BUY,59.1001,965.966,2.93,2025-05-28,2025-05-30
1291,2212,BAC,BUY,40.4324,40.8281,1.15,2024-04-18,2024-04-20
1292,2208,AMZN,BUY,8.1914,170.9543,6.56,2024-12-26,2024-12-28
1293,2096,NVDA,BUY,69.1409,845.6117,7.16,2020-01-03,2020-01-05
1294,2055,META,BUY,56.6024,495.4394,3.85,2025-06-05,2025-06-07
1295,2155,JPM,BUY,71.9103,173.2464,9.45,2024-11-30,2024-12-02
1296,2207,PG,SELL,68.5311,161.8931,4.35,2024-03-10,2024-03-12
1297,2209,AMZN,SELL,50.3664,167.0302,9.89,2024-06-18,2024-06-20
1298,2108,MSFT,BUY,59.5259,397.9006,2.36,2022-11-10,2022-11-12
1299,2006,SPY,BUY,91.2527,533.1177,2.84,2026-03-11,2026-03-13
1300,2216,GOOGL,BUY,34.4016,165.8835,0.16,2026-03-09,2026-03-11
1301,2121,MSFT,BUY,28.1927,414.2933,7.53,2025-02-18,2025-02-20
1302,2103,MSFT,BUY,39.9394,407.4453,6.96,2025-12-07,2025-12-09
1303,2117,META,BUY,84.4645,548.1196,9.37,2026-04-05,2026-04-07
1304,2027,AAPL,BUY,11.4084,199.8939,3.23,2023-09-04,2023-09-06
1305,2177,XOM,BUY,72.6867,113.6677,8.11,2025-11-05,2025-11-07
1306,2209,BAC,BUY,26.7091,34.99,7.84,2024-09-30,2024-10-02
1307,2029,AAPL,BUY,69.1042,177.0813,7.91,2021-08-19,2021-08-21
1308,2098,SPY,SELL,12.8702,544.6684,3.19,2024-08-12,2024-08-14
1309,2038,WMT,SELL,64.0535,73.9217,6.68,2020-07-21,2020-07-23
1310,2134,TSLA,SELL,97.6586,174.382,3.22,2023-05-27,2023-05-29
1311,2188,META,BUY,71.4268,490.7271,3.53,2026-02-23,2026-02-25
1312,2214,PG,BUY,69.8015,163.7666,0.75,2026-03-30,2026-04-01
1313,2127,AAPL,SELL,82.0326,195.1832,1.88,2023-03-20,2023-03-22
1314,2027,AMZN,BUY,76.2883,182.6071,3.12,2021-10-27,2021-10-29
1315,2117,JNJ,BUY,22.6597,150.1083,3.63,2026-01-22,2026-01-24
1316,2116,PG,SELL,19.6074,152.3973,2.78,2024-03-16,2024-03-18
1317,2043,JNJ,BUY,15.5817,158.876,8.75,2024-05-14,2024-05-16
1318,2191,MSFT,BUY,27.4089,446.4834,4.76,2024-03-06,2024-03-08
1319,2136,META,BUY,36.0883,478.8554,2.12,2020-12-01,2020-12-03
1320,2102,TSLA,SELL,27.9863,170.3447,0.98,2024-04-05,2024-04-07
1321,2167,GOOGL,BUY,19.7555,162.9563,1.76,2025-06-25,2025-06-27
1322,2071,TSLA,BUY,68.4349,175.5213,6.46,2022-01-03,2022-01-05
1323,2029,JPM,BUY,24.6379,196.6937,5.32,2021-01-07,2021-01-09
1324,2071,JPM,SELL,39.7989,190.9056,1.01,2018-11-11,2018-11-13
1325,2188,PG,BUY,17.9319,154.0676,2.03,2025-11-05,2025-11-07
1326,2164,SPY,BUY,10.33,492.6991,5.03,2025-06-20,2025-06-22
1327,2180,V,BUY,17.853,271.2785,6.81,2026-01-29,2026-01-31
1328,2043,NVDA,BUY,66.9371,893.5511,4.27,2024-10-28,2024-10-30
1329,2006,NVDA,BUY,68.2411,954.9011,8.52,2018-10-08,2018-10-10
1330,2153,AMZN,SELL,87.4486,182.395,4.72,2025-11-29,2025-12-01
1331,2012,PG,BUY,83.7005,164.6092,5.25,2022-01-06,2022-01-08
1332,2043,WMT,BUY,80.5854,65.4518,3.35,2025-01-08,2025-01-10
1333,2126,XOM,SELL,26.1001,120.8777,4.58,2021-08-27,2021-08-29
1334,2212,AMZN,SELL,12.1633,175.2117,6.85,2024-07-04,2024-07-06
1335,2187,JNJ,BUY,66.2773,161.4873,1.41,2025-06-17,2025-06-19
1336,2128,AAPL,SELL,36.5826,197.3268,7.44,2025-08-15,2025-08-17
1337,2050,BAC,BUY,87.8373,38.8435,6.78,2018-12-30,2019-01-01
1338,2231,BAC,BUY,27.2656,40.7865,6.78,2024-10-22,2024-10-24
1339,2228,AMZN,BUY,31.623,177.6181,0.41,2022-07-27,2022-07-29
1340,2134,XOM,SELL,79.738,122.1575,5.66,2024-04-19,2024-04-21
1341,2203,WMT,BUY,50.3938,65.6341,6.85,2023-08-01,2023-08-03
1342,2120,JNJ,BUY,31.0609,161.2001,2.88,2026-03-01,2026-03-03
1343,2205,SPY,BUY,82.7216,472.5418,1.23,2021-10-08,2021-10-10
1344,2126,SPY,BUY,5.9403,497.9441,1.38,2022-12-25,2022-12-27
1345,2225,SPY,BUY,95.4148,510.1626,7.12,2022-02-24,2022-02-26
1346,2037,XOM,BUY,29.7894,121.6363,0.32,2022-05-07,2022-05-09
1347,2239,AMZN,SELL,42.8338,185.1408,9.66,2022-04-03,2022-04-05
1348,2026,BAC,BUY,18.1569,36.7963,4.35,2025-10-22,2025-10-24
1349,2225,AMZN,BUY,25.752,169.6083,4.16,2022-09-10,2022-09-12
1350,2052,SPY,SELL,55.0372,493.4625,3.76,2022-10-06,2022-10-08
1351,2225,PG,SELL,69.7192,150.7484,5.03,2023-12-02,2023-12-04
1352,2176,XOM,SELL,42.6301,117.2005,4.1,2023-07-17,2023-07-19
1353,2008,BAC,SELL,9.7545,40.7815,1.4,2021-03-06,2021-03-08
1354,2233,SPY,BUY,13.6002,516.5543,5.43,2023-05-02,2023-05-04
1355,2145,BAC,SELL,13.4676,39.5524,6.69,2024-12-17,2024-12-19
1356,2119,WMT,BUY,9.3813,70.2017,2.7,2025-06-06,2025-06-08
1357,2167,MSFT,BUY,56.9789,392.9452,6.9,2023-02-02,2023-02-04
1358,2222,AAPL,BUY,70.4557,192.5724,5.16,2025-12-25,2025-12-27
1359,2144,XOM,BUY,30.7883,113.0189,3.11,2023-12-20,2023-12-22
1360,2240,AAPL,BUY,12.3562,193.7594,0.0,2022-06-13,2022-06-15
1361,2155,BAC,BUY,11.2571,35.5489,0.25,2025-02-23,2025-02-25
1362,2130,META,BUY,41.0512,544.7652,9.82,2025-08-11,2025-08-13
1363,2210,JPM,SELL,86.0721,186.3829,6.17,2023-02-21,2023-02-23
1364,2111,NVDA,BUY,17.9068,854.6123,7.41,2020-12-05,2020-12-07
1365,2140,JPM,BUY,95.9501,178.7851,4.92,2019-05-18,2019-05-20
1366,2171,SPY,BUY,46.9324,526.1285,8.13,2025-11-10,2025-11-12
1367,2038,AAPL,SELL,2.0909,178.4518,3.02,2025-12-29,2025-12-31
1368,2166,JNJ,BUY,90.9027,152.877,3.54,2026-01-09,2026-01-11
1369,2036,META,BUY,98.1936,506.6014,3.57,2022-11-27,2022-11-29
1370,2220,PG,SELL,51.7915,156.1302,1.74,2025-04-16,2025-04-18
1371,2039,AMZN,SELL,71.8031,181.8187,7.86,2024-09-05,2024-09-07
1372,2072,WMT,SELL,7.7528,67.7928,8.38,2025-01-30,2025-02-01
1373,2124,GOOGL,BUY,58.0279,167.7942,9.26,2025-05-20,2025-05-22
1374,2199,JNJ,BUY,59.2964,141.1061,5.8,2025-07-14,2025-07-16
1375,2150,V,BUY,85.3511,260.6271,1.59,2025-06-19,2025-06-21
1376,2025,JNJ,SELL,33.0423,160.4216,2.31,2022-02-16,2022-02-18
1377,2198,WMT,BUY,90.0796,73.3108,1.74,2023-09-09,2023-09-11
1378,2229,GOOGL,BUY,7.1307,162.8895,2.5,2019-04-15,2019-04-17
1379,2010,PG,BUY,61.0468,158.5031,8.4,2022-05-25,2022-05-27
1380,2237,NVDA,SELL,14.1884,928.6165,6.37,2025-11-15,2025-11-17
1381,2143,JPM,BUY,23.3242,184.7366,7.41,2026-03-08,2026-03-10
1382,2112,PG,BUY,58.6287,167.4241,6.28,2022-12-03,2022-12-05
1383,2172,MSFT,BUY,36.5965,440.8326,4.08,2023-07-31,2023-08-02
1384,2140,PG,SELL,19.8236,151.9438,2.07,2025-09-14,2025-09-16
1385,2212,META,BUY,80.358,498.2892,4.38,2025-12-02,2025-12-04
1386,2161,GOOGL,BUY,78.4563,166.8256,2.98,2026-02-24,2026-02-26
1387,2031,META,BUY,3.2317,518.2816,8.21,2026-01-25,2026-01-27
1388,2075,BAC,BUY,7.7273,37.3338,8.71,2024-07-31,2024-08-02
1389,2074,MSFT,BUY,40.5227,402.622,0.57,2022-09-20,2022-09-22
1390,2179,BAC,BUY,65.67,37.8236,0.32,2026-03-31,2026-04-02
1391,2108,SPY,BUY,14.7896,541.6631,5.47,2025-03-01,2025-03-03
1392,2188,AMZN,BUY,24.3261,184.7041,0.73,2025-10-24,2025-10-26
1393,2145,BAC,BUY,35.2387,40.0368,0.71,2025-02-21,2025-02-23
1394,2107,V,SELL,94.7135,299.2355,2.7,2025-03-02,2025-03-04
1395,2011,MSFT,BUY,43.72,420.511,3.03,2025-02-12,2025-02-14
1396,2218,BAC,BUY,3.609,35.0904,7.81,2025-05-21,2025-05-23
1397,2051,TSLA,BUY,55.6971,171.6229,0.52,2025-07-22,2025-07-24
1398,2197,GOOGL,SELL,55.4049,163.1446,1.15,2024-11-17,2024-11-19
1399,2031,BAC,BUY,20.1709,40.4536,4.36,2024-03-19,2024-03-21
1400,2015,JPM,BUY,41.8935,187.6231,7.52,2025-01-31,2025-02-02
1401,2207,WMT,BUY,87.4523,64.9127,2.5,2025-03-09,2025-03-11
1402,2015,MSFT,BUY,5.3282,415.871,3.49,2023-05-20,2023-05-22
1403,2168,BAC,SELL,48.3914,36.7379,1.22,2026-02-03,2026-02-05
1404,2020,MSFT,SELL,70.8203,422.933,8.13,2021-08-09,2021-08-11
1405,2230,BAC,BUY,94.2013,37.6567,7.79,2023-08-31,2023-09-02
1406,2075,PG,BUY,32.567,160.6872,5.41,2026-04-18,2026-04-20
1407,2027,AAPL,SELL,28.6986,187.2893,2.03,2021-01-20,2021-01-22
1408,2036,PG,BUY,13.1521,153.1017,7.24,2023-08-21,2023-08-23
1409,2202,NVDA,SELL,65.3409,861.8552,4.53,2022-09-03,2022-09-05
1410,2030,AAPL,BUY,59.2358,175.8262,3.0,2024-11-20,2024-11-22
1411,2022,AAPL,SELL,2.866,193.3363,3.82,2025-04-20,2025-04-22
1412,2114,AAPL,SELL,53.7167,186.3315,6.6,2025-12-03,2025-12-05
1413,2009,TSLA,BUY,92.3472,187.2423,9.07,2026-02-12,2026-02-14
1414,2208,WMT,BUY,72.8528,72.8812,6.21,2024-06-26,2024-06-28
1415,2222,GOOGL,BUY,80.9323,176.3142,5.53,2025-12-03,2025-12-05
1416,2185,BAC,SELL,42.9597,40.1798,7.19,2025-10-15,2025-10-17
1417,2197,TSLA,SELL,74.8178,187.8885,9.24,2024-01-03,2024-01-05
1418,2034,BAC,BUY,9.4681,39.8215,2.5,2025-08-22,2025-08-24
1419,2139,SPY,BUY,36.8078,501.3995,6.59,2024-04-30,2024-05-02
1420,2201,JNJ,BUY,31.3826,152.592,6.6,2025-07-02,2025-07-04
1421,2215,SPY,BUY,44.551,505.4148,4.66,2022-04-16,2022-04-18
1422,2092,META,SELL,6.7999,514.6192,9.38,2024-07-28,2024-07-30
1423,2071,BAC,BUY,44.6035,36.8693,2.58,2021-06-21,2021-06-23
1424,2202,SPY,BUY,63.4035,509.5862,1.47,2024-12-17,2024-12-19
1425,2159,JNJ,BUY,19.2413,140.7467,5.06,2025-01-03,2025-01-05
1426,2113,V,BUY,7.0205,282.3927,7.14,2025-04-14,2025-04-16
1427,2067,SPY,BUY,54.5037,538.1464,0.45,2024-10-07,2024-10-09
1428,2061,AMZN,BUY,51.5925,180.1998,2.37,2024-04-28,2024-04-30
1429,2084,V,SELL,8.0679,294.4566,4.26,2023-11-02,2023-11-04
1430,2073,NVDA,BUY,34.1636,915.4032,4.08,2026-04-06,2026-04-08
1431,2167,AMZN,BUY,16.871,193.6368,0.45,2020-05-25,2020-05-27
1432,2239,NVDA,BUY,80.9954,831.6771,5.1,2024-09-02,2024-09-04
1433,2200,XOM,BUY,94.054,121.5645,3.78,2023-07-04,2023-07-06
1434,2150,AAPL,BUY,95.5628,179.3623,9.58,2025-08-05,2025-08-07
1435,2058,V,SELL,54.3578,283.3349,1.21,2025-11-08,2025-11-10
1436,2225,TSLA,SELL,32.377,177.9989,1.95,2024-03-03,2024-03-05
1437,2148,SPY,BUY,23.8582,496.0207,3.15,2025-12-24,2025-12-26
1438,2030,XOM,SELL,36.8262,124.4697,3.52,2024-08-21,2024-08-23
1439,2130,MSFT,BUY,45.4478,430.3038,4.18,2023-07-29,2023-07-31
1440,2146,PG,BUY,77.8684,150.4072,4.07,2021-11-23,2021-11-25
1441,2150,JNJ,BUY,34.8156,144.2467,1.18,2025-09-24,2025-09-26
1442,2105,GOOGL,SELL,63.6303,155.7177,7.72,2022-02-27,2022-03-01
1443,2231,NVDA,BUY,42.4439,830.2338,7.65,2025-01-28,2025-01-30
1444,2183,BAC,BUY,83.552,35.5741,0.24,2025-10-07,2025-10-09
1445,2043,MSFT,SELL,90.5218,444.6543,3.54,2025-05-27,2025-05-29
1446,2103,XOM,BUY,34.344,124.0701,8.24,2025-02-17,2025-02-19
1447,2087,V,BUY,8.3015,262.4282,9.2,2024-10-13,2024-10-15
1448,2115,BAC,SELL,29.6398,37.6945,4.77,2020-07-21,2020-07-23
1449,2035,XOM,BUY,16.0734,125.1063,0.08,2025-04-25,2025-04-27
1450,2152,AMZN,BUY,44.4201,178.6616,5.08,2025-04-19,2025-04-21
1451,2151,SPY,BUY,49.8361,477.1069,0.48,2023-11-15,2023-11-17
1452,2133,BAC,SELL,29.2405,38.05,3.84,2026-01-23,2026-01-25
1453,2194,NVDA,BUY,43.6232,834.0386,2.78,2024-07-26,2024-07-28
1454,2226,V,BUY,12.7366,273.1611,2.74,2025-09-29,2025-10-01
1455,2113,JPM,BUY,98.8918,178.739,7.53,2025-11-14,2025-11-16
1456,2237,JPM,BUY,55.6642,174.3737,5.08,2025-06-22,2025-06-24
1457,2044,AAPL,BUY,1.6598,176.0082,8.32,2024-11-27,2024-11-29
1458,2007,AMZN,SELL,73.4769,192.724,5.2,2024-09-13,2024-09-15
1459,2213,META,BUY,44.9961,478.1446,4.32,2025-08-05,2025-08-07
1460,2068,MSFT,BUY,96.8755,453.1348,8.03,2022-08-26,2022-08-28
1461,2191,WMT,BUY,51.199,65.2327,2.76,2024-10-01,2024-10-03
1462,2162,XOM,BUY,89.335,125.3193,0.38,2021-07-01,2021-07-03
1463,2026,BAC,BUY,84.3017,38.1295,6.6,2025-07-05,2025-07-07
1464,2225,JNJ,BUY,25.3455,153.2279,5.86,2023-11-24,2023-11-26
1465,2224,JPM,BUY,48.9662,178.0525,1.87,2024-09-02,2024-09-04
1466,2128,SPY,BUY,95.1324,520.9975,8.56,2026-02-24,2026-02-26
1467,2192,JPM,BUY,71.2891,172.1909,0.39,2024-03-12,2024-03-14
1468,2177,SPY,BUY,64.1337,520.6918,4.84,2025-11-26,2025-11-28
1469,2169,NVDA,BUY,67.1296,949.0596,4.9,2025-10-07,2025-10-09
1470,2162,GOOGL,BUY,10.5568,166.1461,1.12,2025-10-15,2025-10-17
1471,2226,BAC,SELL,33.2143,36.7066,6.62,2023-12-10,2023-12-12
1472,2030,NVDA,BUY,35.4103,873.9225,3.98,2024-08-25,2024-08-27
1473,2033,WMT,SELL,60.5048,73.8094,6.87,2026-02-06,2026-02-08
1474,2008,SPY,SELL,7.0195,486.7527,7.71,2023-11-07,2023-11-09
1475,2067,JNJ,SELL,43.0947,147.3931,2.6,2026-03-01,2026-03-03
1476,2014,SPY,BUY,31.5426,487.0662,4.09,2026-03-19,2026-03-21
1477,2147,BAC,BUY,94.8399,36.2137,6.13,2020-08-20,2020-08-22
1478,2085,NVDA,BUY,80.4389,830.8685,0.9,2025-08-11,2025-08-13
1479,2181,AMZN,BUY,65.8382,187.6851,5.18,2020-05-30,2020-06-01
1480,2093,TSLA,SELL,86.1126,165.3958,2.29,2024-02-09,2024-02-11
1481,2206,NVDA,BUY,55.7422,875.7363,2.48,2023-09-18,2023-09-20
1482,2004,AAPL,BUY,50.6484,197.7557,7.91,2025-12-23,2025-12-25
1483,2011,NVDA,BUY,4.344,831.4912,7.49,2020-07-26,2020-07-28
1484,2209,WMT,BUY,86.3364,68.8884,0.76,2022-10-30,2022-11-01
1485,2130,XOM,BUY,2.4594,124.4667,8.29,2023-09-30,2023-10-02
1486,2155,BAC,SELL,20.2341,39.4341,6.05,2024-08-11,2024-08-13
1487,2080,WMT,BUY,30.9132,70.1384,4.58,2023-05-05,2023-05-07
1488,2026,SPY,SELL,29.8326,516.218,0.93,2025-04-18,2025-04-20
1489,2105,TSLA,BUY,38.8584,168.9638,9.92,2026-02-03,2026-02-05
1490,2187,GOOGL,BUY,45.7748,171.9353,5.77,2018-03-29,2018-03-31
1491,2007,GOOGL,SELL,56.7522,163.6031,6.42,2024-12-04,2024-12-06
1492,2086,NVDA,BUY,56.5277,968.5177,2.07,2023-11-06,2023-11-08
1493,2126,V,SELL,52.8172,263.9316,8.39,2025-10-02,2025-10-04
1494,2195,JPM,SELL,31.834,184.8052,3.38,2024-07-24,2024-07-26
1495,2039,AAPL,SELL,87.2714,191.9855,2.68,2025-01-29,2025-01-31
1496,2054,WMT,SELL,31.9886,69.8737,6.51,2025-05-15,2025-05-17
1497,2083,META,BUY,92.2018,511.1776,4.25,2023-08-18,2023-08-20
1498,2020,GOOGL,BUY,17.4535,152.1597,4.37,2020-05-13,2020-05-15
1499,2030,AAPL,SELL,14.8467,189.8536,8.73,2023-10-01,2023-10-03
1500,2108,GOOGL,BUY,72.2744,154.9042,8.79,2025-06-16,2025-06-18
